src,dst,type
Doc:FFMFMEQ013.0 (MR PAQUETE DE INYECCION DE QUIMICOS),Section:FFMFMEQ013.0 (MR PAQUETE DE INYECCION DE QUIMICOS)_1_NA,DOC_CONTAINS_SECTION
Doc:FFMFMEQ013.0 (MR PAQUETE DE INYECCION DE QUIMICOS),Section:FFMFMEQ013.0 (MR PAQUETE DE INYECCION DE QUIMICOS)_2_NA,DOC_CONTAINS_SECTION
Doc:FFMFMEQ013.0 (MR PAQUETE DE INYECCION DE QUIMICOS),Section:FFMFMEQ013.0 (MR PAQUETE DE INYECCION DE QUIMICOS)_2_1.1,DOC_CONTAINS_SECTION
Doc:FFMFMEQ013.0 (MR PAQUETE DE INYECCION DE QUIMICOS),Section:FFMFMEQ013.0 (MR PAQUETE DE INYECCION DE QUIMICOS)_2_1.2,DOC_CONTAINS_SECTION
Doc:FFMFMEQ013.0 (MR PAQUETE DE INYECCION DE QUIMICOS),Section:FFMFMEQ013.0 (MR PAQUETE DE INYECCION DE QUIMICOS)_2_1.3,DOC_CONTAINS_SECTION
Doc:FFMFMEQ013.0 (MR PAQUETE DE INYECCION DE QUIMICOS),Section:FFMFMEQ013.0 (MR PAQUETE DE INYECCION DE QUIMICOS)_2_2.1,DOC_CONTAINS_SECTION
Doc:FFMFMEQ013.0 (MR PAQUETE DE INYECCION DE QUIMICOS),Section:FFMFMEQ013.0 (MR PAQUETE DE INYECCION DE QUIMICOS)_2_2.2,DOC_CONTAINS_SECTION
Doc:FFMFMEQ013.0 (MR PAQUETE DE INYECCION DE QUIMICOS),Section:FFMFMEQ013.0 (MR PAQUETE DE INYECCION DE QUIMICOS)_2_2.3,DOC_CONTAINS_SECTION
Doc:FFMFMEQ013.0 (MR PAQUETE DE INYECCION DE QUIMICOS),Section:FFMFMEQ013.0 (MR PAQUETE DE INYECCION DE QUIMICOS)_2_4.1,DOC_CONTAINS_SECTION
Doc:FFMFMEQ013.0 (MR PAQUETE DE INYECCION DE QUIMICOS),Section:FFMFMEQ013.0 (MR PAQUETE DE INYECCION DE QUIMICOS)_2_4.2,DOC_CONTAINS_SECTION
Doc:FFMFMEQ013.0 (MR PAQUETE DE INYECCION DE QUIMICOS),Section:FFMFMEQ013.0 (MR PAQUETE DE INYECCION DE QUIMICOS)_2_4.3,DOC_CONTAINS_SECTION
Doc:FFMFMEQ013.0 (MR PAQUETE DE INYECCION DE QUIMICOS),Section:FFMFMEQ013.0 (MR PAQUETE DE INYECCION DE QUIMICOS)_2_4.4,DOC_CONTAINS_SECTION
Doc:FFMFMEQ013.0 (MR PAQUETE DE INYECCION DE QUIMICOS),Section:FFMFMEQ013.0 (MR PAQUETE DE INYECCION DE QUIMICOS)_2_4.5,DOC_CONTAINS_SECTION
Doc:FFMFMEQ013.0 (MR PAQUETE DE INYECCION DE QUIMICOS),Section:FFMFMEQ013.0 (MR PAQUETE DE INYECCION DE QUIMICOS)_2_4.6,DOC_CONTAINS_SECTION
Doc:FFMFMEQ013.0 (MR PAQUETE DE INYECCION DE QUIMICOS),Section:FFMFMEQ013.0 (MR PAQUETE DE INYECCION DE QUIMICOS)_2_4.7,DOC_CONTAINS_SECTION
Doc:FFMFMEQ013.0 (MR PAQUETE DE INYECCION DE QUIMICOS),Section:FFMFMEQ013.0 (MR PAQUETE DE INYECCION DE QUIMICOS)_2_4.8,DOC_CONTAINS_SECTION
Doc:FFMFMEQ013.0 (MR PAQUETE DE INYECCION DE QUIMICOS),Section:FFMFMEQ013.0 (MR PAQUETE DE INYECCION DE QUIMICOS)_2_4.9,DOC_CONTAINS_SECTION
Doc:FFMFMEQ013.0 (MR PAQUETE DE INYECCION DE QUIMICOS),Section:FFMFMEQ013.0 (MR PAQUETE DE INYECCION DE QUIMICOS)_2_4.11,DOC_CONTAINS_SECTION
Doc:FFMFMEQ013.0 (MR PAQUETE DE INYECCION DE QUIMICOS),Section:FFMFMEQ013.0 (MR PAQUETE DE INYECCION DE QUIMICOS)_2_4.12,DOC_CONTAINS_SECTION
Doc:FFMFMEQ013.0 (MR PAQUETE DE INYECCION DE QUIMICOS),Section:FFMFMEQ013.0 (MR PAQUETE DE INYECCION DE QUIMICOS)_2_4.13,DOC_CONTAINS_SECTION
Doc:FFMFMEQ013.0 (MR PAQUETE DE INYECCION DE QUIMICOS),Section:FFMFMEQ013.0 (MR PAQUETE DE INYECCION DE QUIMICOS)_2_5.1,DOC_CONTAINS_SECTION
Doc:FFMFMEQ013.0 (MR PAQUETE DE INYECCION DE QUIMICOS),Section:FFMFMEQ013.0 (MR PAQUETE DE INYECCION DE QUIMICOS)_2_5.2,DOC_CONTAINS_SECTION
Doc:FFMFMEQ013.0 (MR PAQUETE DE INYECCION DE QUIMICOS),Section:FFMFMEQ013.0 (MR PAQUETE DE INYECCION DE QUIMICOS)_2_5.3,DOC_CONTAINS_SECTION
Doc:FFMFMEQ013.0 (MR PAQUETE DE INYECCION DE QUIMICOS),Section:FFMFMEQ013.0 (MR PAQUETE DE INYECCION DE QUIMICOS)_3_NA,DOC_CONTAINS_SECTION
Doc:FFMFMEQ013.0 (MR PAQUETE DE INYECCION DE QUIMICOS),Section:FFMFMEQ013.0 (MR PAQUETE DE INYECCION DE QUIMICOS)_3_5.4,DOC_CONTAINS_SECTION
Doc:FFMFMEQ013.0 (MR PAQUETE DE INYECCION DE QUIMICOS),Section:FFMFMEQ013.0 (MR PAQUETE DE INYECCION DE QUIMICOS)_3_5.5,DOC_CONTAINS_SECTION
Doc:FFMFMEQ013.0 (MR PAQUETE DE INYECCION DE QUIMICOS),Section:FFMFMEQ013.0 (MR PAQUETE DE INYECCION DE QUIMICOS)_3_5.6,DOC_CONTAINS_SECTION
Doc:FFMFMEQ013.0 (MR PAQUETE DE INYECCION DE QUIMICOS),Section:FFMFMEQ013.0 (MR PAQUETE DE INYECCION DE QUIMICOS)_3_5.7,DOC_CONTAINS_SECTION
Doc:FFMFMEQ013.0 (MR PAQUETE DE INYECCION DE QUIMICOS),Section:FFMFMEQ013.0 (MR PAQUETE DE INYECCION DE QUIMICOS)_3_5.8,DOC_CONTAINS_SECTION
Doc:FFMFMEQ013.0 (MR PAQUETE DE INYECCION DE QUIMICOS),Section:FFMFMEQ013.0 (MR PAQUETE DE INYECCION DE QUIMICOS)_3_7.1,DOC_CONTAINS_SECTION
Doc:FFMFMEQ013.0 (MR PAQUETE DE INYECCION DE QUIMICOS),Section:FFMFMEQ013.0 (MR PAQUETE DE INYECCION DE QUIMICOS)_3_7.2,DOC_CONTAINS_SECTION
Doc:FFMFMEQ013.0 (MR PAQUETE DE INYECCION DE QUIMICOS),Section:FFMFMEQ013.0 (MR PAQUETE DE INYECCION DE QUIMICOS)_3_7.3,DOC_CONTAINS_SECTION
Doc:FFMFMEQ013.0 (MR PAQUETE DE INYECCION DE QUIMICOS),Section:FFMFMEQ013.0 (MR PAQUETE DE INYECCION DE QUIMICOS)_3_10.1,DOC_CONTAINS_SECTION
Doc:FFMFMEQ013.0 (MR PAQUETE DE INYECCION DE QUIMICOS),Section:FFMFMEQ013.0 (MR PAQUETE DE INYECCION DE QUIMICOS)_3_10.2,DOC_CONTAINS_SECTION
Doc:FFMFMEQ013.0 (MR PAQUETE DE INYECCION DE QUIMICOS),Section:FFMFMEQ013.0 (MR PAQUETE DE INYECCION DE QUIMICOS)_3_10.3,DOC_CONTAINS_SECTION
Doc:FFMFMEQ013.0 (MR PAQUETE DE INYECCION DE QUIMICOS),Section:FFMFMEQ013.0 (MR PAQUETE DE INYECCION DE QUIMICOS)_4_NA,DOC_CONTAINS_SECTION
Doc:FFMFMEQ013.0 (MR PAQUETE DE INYECCION DE QUIMICOS),Section:FFMFMEQ013.0 (MR PAQUETE DE INYECCION DE QUIMICOS)_4_1.1,DOC_CONTAINS_SECTION
Doc:FFMFMEQ013.0 (MR PAQUETE DE INYECCION DE QUIMICOS),Section:FFMFMEQ013.0 (MR PAQUETE DE INYECCION DE QUIMICOS)_4_1.2,DOC_CONTAINS_SECTION
Doc:FFMFMEQ013.0 (MR PAQUETE DE INYECCION DE QUIMICOS),Section:FFMFMEQ013.0 (MR PAQUETE DE INYECCION DE QUIMICOS)_5_NA,DOC_CONTAINS_SECTION
Doc:FFMFMEQ013.0 (MR PAQUETE DE INYECCION DE QUIMICOS),Section:FFMFMEQ013.0 (MR PAQUETE DE INYECCION DE QUIMICOS)_5_1.3,DOC_CONTAINS_SECTION
Doc:FFMFMEQ013.0 (MR PAQUETE DE INYECCION DE QUIMICOS),Section:FFMFMEQ013.0 (MR PAQUETE DE INYECCION DE QUIMICOS)_5_2.1,DOC_CONTAINS_SECTION
Doc:FFMFMEQ013.0 (MR PAQUETE DE INYECCION DE QUIMICOS),Section:FFMFMEQ013.0 (MR PAQUETE DE INYECCION DE QUIMICOS)_6_NA,DOC_CONTAINS_SECTION
Doc:FFMFMEQ013.0 (MR PAQUETE DE INYECCION DE QUIMICOS),Section:FFMFMEQ013.0 (MR PAQUETE DE INYECCION DE QUIMICOS)_6_2.2,DOC_CONTAINS_SECTION
Doc:FFMFMEQ013.0 (MR PAQUETE DE INYECCION DE QUIMICOS),Section:FFMFMEQ013.0 (MR PAQUETE DE INYECCION DE QUIMICOS)_6_2.3,DOC_CONTAINS_SECTION
Doc:FFMFMEQ013.0 (MR PAQUETE DE INYECCION DE QUIMICOS),Section:FFMFMEQ013.0 (MR PAQUETE DE INYECCION DE QUIMICOS)_6_4.1,DOC_CONTAINS_SECTION
Doc:FFMFMEQ013.0 (MR PAQUETE DE INYECCION DE QUIMICOS),Section:FFMFMEQ013.0 (MR PAQUETE DE INYECCION DE QUIMICOS)_6_4.2,DOC_CONTAINS_SECTION
Doc:FFMFMEQ013.0 (MR PAQUETE DE INYECCION DE QUIMICOS),Section:FFMFMEQ013.0 (MR PAQUETE DE INYECCION DE QUIMICOS)_7_NA,DOC_CONTAINS_SECTION
Doc:FFMFMEQ013.0 (MR PAQUETE DE INYECCION DE QUIMICOS),Section:FFMFMEQ013.0 (MR PAQUETE DE INYECCION DE QUIMICOS)_7_4.3,DOC_CONTAINS_SECTION
Doc:FFMFMEQ013.0 (MR PAQUETE DE INYECCION DE QUIMICOS),Section:FFMFMEQ013.0 (MR PAQUETE DE INYECCION DE QUIMICOS)_7_4.4,DOC_CONTAINS_SECTION
Doc:FFMFMEQ013.0 (MR PAQUETE DE INYECCION DE QUIMICOS),Section:FFMFMEQ013.0 (MR PAQUETE DE INYECCION DE QUIMICOS)_8_NA,DOC_CONTAINS_SECTION
Doc:FFMFMEQ013.0 (MR PAQUETE DE INYECCION DE QUIMICOS),Section:FFMFMEQ013.0 (MR PAQUETE DE INYECCION DE QUIMICOS)_9_NA,DOC_CONTAINS_SECTION
Doc:FFMFMEQ013.0 (MR PAQUETE DE INYECCION DE QUIMICOS),Section:FFMFMEQ013.0 (MR PAQUETE DE INYECCION DE QUIMICOS)_10_NA,DOC_CONTAINS_SECTION
Doc:FFMFMEQ013.0 (MR PAQUETE DE INYECCION DE QUIMICOS),Section:FFMFMEQ013.0 (MR PAQUETE DE INYECCION DE QUIMICOS)_10_4.5,DOC_CONTAINS_SECTION
Doc:FFMFMEQ013.0 (MR PAQUETE DE INYECCION DE QUIMICOS),Section:FFMFMEQ013.0 (MR PAQUETE DE INYECCION DE QUIMICOS)_11_NA,DOC_CONTAINS_SECTION
Doc:FFMFMEQ013.0 (MR PAQUETE DE INYECCION DE QUIMICOS),Section:FFMFMEQ013.0 (MR PAQUETE DE INYECCION DE QUIMICOS)_11_4.6,DOC_CONTAINS_SECTION
Doc:FFMFMEQ013.0 (MR PAQUETE DE INYECCION DE QUIMICOS),Section:FFMFMEQ013.0 (MR PAQUETE DE INYECCION DE QUIMICOS)_11_4.7,DOC_CONTAINS_SECTION
Doc:FFMFMEQ013.0 (MR PAQUETE DE INYECCION DE QUIMICOS),Section:FFMFMEQ013.0 (MR PAQUETE DE INYECCION DE QUIMICOS)_11_4.8,DOC_CONTAINS_SECTION
Doc:FFMFMEQ013.0 (MR PAQUETE DE INYECCION DE QUIMICOS),Section:FFMFMEQ013.0 (MR PAQUETE DE INYECCION DE QUIMICOS)_11_4.9,DOC_CONTAINS_SECTION
Doc:FFMFMEQ013.0 (MR PAQUETE DE INYECCION DE QUIMICOS),Section:FFMFMEQ013.0 (MR PAQUETE DE INYECCION DE QUIMICOS)_12_NA,DOC_CONTAINS_SECTION
Doc:FFMFMEQ013.0 (MR PAQUETE DE INYECCION DE QUIMICOS),Section:FFMFMEQ013.0 (MR PAQUETE DE INYECCION DE QUIMICOS)_12_4.1,DOC_CONTAINS_SECTION
Doc:FFMFMEQ013.0 (MR PAQUETE DE INYECCION DE QUIMICOS),Section:FFMFMEQ013.0 (MR PAQUETE DE INYECCION DE QUIMICOS)_12_4.11,DOC_CONTAINS_SECTION
Doc:FFMFMEQ013.0 (MR PAQUETE DE INYECCION DE QUIMICOS),Section:FFMFMEQ013.0 (MR PAQUETE DE INYECCION DE QUIMICOS)_12_4.12,DOC_CONTAINS_SECTION
Doc:FFMFMEQ013.0 (MR PAQUETE DE INYECCION DE QUIMICOS),Section:FFMFMEQ013.0 (MR PAQUETE DE INYECCION DE QUIMICOS)_13_NA,DOC_CONTAINS_SECTION
Doc:FFMFMEQ013.0 (MR PAQUETE DE INYECCION DE QUIMICOS),Section:FFMFMEQ013.0 (MR PAQUETE DE INYECCION DE QUIMICOS)_13_4.13,DOC_CONTAINS_SECTION
Doc:FFMFMEQ013.0 (MR PAQUETE DE INYECCION DE QUIMICOS),Section:FFMFMEQ013.0 (MR PAQUETE DE INYECCION DE QUIMICOS)_13_5.1,DOC_CONTAINS_SECTION
Doc:FFMFMEQ013.0 (MR PAQUETE DE INYECCION DE QUIMICOS),Section:FFMFMEQ013.0 (MR PAQUETE DE INYECCION DE QUIMICOS)_13_5.2,DOC_CONTAINS_SECTION
Doc:FFMFMEQ013.0 (MR PAQUETE DE INYECCION DE QUIMICOS),Section:FFMFMEQ013.0 (MR PAQUETE DE INYECCION DE QUIMICOS)_14_NA,DOC_CONTAINS_SECTION
Doc:FFMFMEQ013.0 (MR PAQUETE DE INYECCION DE QUIMICOS),Section:FFMFMEQ013.0 (MR PAQUETE DE INYECCION DE QUIMICOS)_14_5.3,DOC_CONTAINS_SECTION
Doc:FFMFMEQ013.0 (MR PAQUETE DE INYECCION DE QUIMICOS),Section:FFMFMEQ013.0 (MR PAQUETE DE INYECCION DE QUIMICOS)_14_5.4,DOC_CONTAINS_SECTION
Doc:FFMFMEQ013.0 (MR PAQUETE DE INYECCION DE QUIMICOS),Section:FFMFMEQ013.0 (MR PAQUETE DE INYECCION DE QUIMICOS)_14_5.5,DOC_CONTAINS_SECTION
Doc:FFMFMEQ013.0 (MR PAQUETE DE INYECCION DE QUIMICOS),Section:FFMFMEQ013.0 (MR PAQUETE DE INYECCION DE QUIMICOS)_14_5.6,DOC_CONTAINS_SECTION
Doc:FFMFMEQ013.0 (MR PAQUETE DE INYECCION DE QUIMICOS),Section:FFMFMEQ013.0 (MR PAQUETE DE INYECCION DE QUIMICOS)_14_5.7,DOC_CONTAINS_SECTION
Doc:FFMFMEQ013.0 (MR PAQUETE DE INYECCION DE QUIMICOS),Section:FFMFMEQ013.0 (MR PAQUETE DE INYECCION DE QUIMICOS)_15_NA,DOC_CONTAINS_SECTION
Doc:FFMFMEQ013.0 (MR PAQUETE DE INYECCION DE QUIMICOS),Section:FFMFMEQ013.0 (MR PAQUETE DE INYECCION DE QUIMICOS)_15_5.8,DOC_CONTAINS_SECTION
Doc:FFMFMEQ013.0 (MR PAQUETE DE INYECCION DE QUIMICOS),Section:FFMFMEQ013.0 (MR PAQUETE DE INYECCION DE QUIMICOS)_15_7.1,DOC_CONTAINS_SECTION
Doc:FFMFMEQ013.0 (MR PAQUETE DE INYECCION DE QUIMICOS),Section:FFMFMEQ013.0 (MR PAQUETE DE INYECCION DE QUIMICOS)_16_NA,DOC_CONTAINS_SECTION
Doc:FFMFMEQ013.0 (MR PAQUETE DE INYECCION DE QUIMICOS),Section:FFMFMEQ013.0 (MR PAQUETE DE INYECCION DE QUIMICOS)_16_7.2,DOC_CONTAINS_SECTION
Doc:FFMFMEQ013.0 (MR PAQUETE DE INYECCION DE QUIMICOS),Section:FFMFMEQ013.0 (MR PAQUETE DE INYECCION DE QUIMICOS)_16_7.3,DOC_CONTAINS_SECTION
Doc:FFMFMEQ013.0 (MR PAQUETE DE INYECCION DE QUIMICOS),Section:FFMFMEQ013.0 (MR PAQUETE DE INYECCION DE QUIMICOS)_17_NA,DOC_CONTAINS_SECTION
Doc:FFMFMEQ013.0 (MR PAQUETE DE INYECCION DE QUIMICOS),Section:FFMFMEQ013.0 (MR PAQUETE DE INYECCION DE QUIMICOS)_18_NA,DOC_CONTAINS_SECTION
Doc:FFMFMEQ013.0 (MR PAQUETE DE INYECCION DE QUIMICOS),Section:FFMFMEQ013.0 (MR PAQUETE DE INYECCION DE QUIMICOS)_18_10.1,DOC_CONTAINS_SECTION
Doc:FFMFMEQ013.0 (MR PAQUETE DE INYECCION DE QUIMICOS),Section:FFMFMEQ013.0 (MR PAQUETE DE INYECCION DE QUIMICOS)_18_1.1,DOC_CONTAINS_SECTION
Doc:FFMFMEQ013.0 (MR PAQUETE DE INYECCION DE QUIMICOS),Section:FFMFMEQ013.0 (MR PAQUETE DE INYECCION DE QUIMICOS)_19_NA,DOC_CONTAINS_SECTION
Doc:FFMFMEQ013.0 (MR PAQUETE DE INYECCION DE QUIMICOS),Section:FFMFMEQ013.0 (MR PAQUETE DE INYECCION DE QUIMICOS)_19_1.2,DOC_CONTAINS_SECTION
Doc:FFMFMEQ013.0 (MR PAQUETE DE INYECCION DE QUIMICOS),Section:FFMFMEQ013.0 (MR PAQUETE DE INYECCION DE QUIMICOS)_19_1.3,DOC_CONTAINS_SECTION
Doc:FFMFMEQ013.0 (MR PAQUETE DE INYECCION DE QUIMICOS),Section:FFMFMEQ013.0 (MR PAQUETE DE INYECCION DE QUIMICOS)_19_1.4,DOC_CONTAINS_SECTION
Doc:FFMFMEQ013.0 (MR PAQUETE DE INYECCION DE QUIMICOS),Section:FFMFMEQ013.0 (MR PAQUETE DE INYECCION DE QUIMICOS)_19_1.5,DOC_CONTAINS_SECTION
Doc:FFMFMEQ013.0 (MR PAQUETE DE INYECCION DE QUIMICOS),Section:FFMFMEQ013.0 (MR PAQUETE DE INYECCION DE QUIMICOS)_19_1.6,DOC_CONTAINS_SECTION
Doc:FFMFMEQ013.0 (MR PAQUETE DE INYECCION DE QUIMICOS),Section:FFMFMEQ013.0 (MR PAQUETE DE INYECCION DE QUIMICOS)_19_10.2,DOC_CONTAINS_SECTION
Doc:FFMFMEQ013.0 (MR PAQUETE DE INYECCION DE QUIMICOS),Section:FFMFMEQ013.0 (MR PAQUETE DE INYECCION DE QUIMICOS)_20_NA,DOC_CONTAINS_SECTION
Doc:FFMFMEQ013.0 (MR PAQUETE DE INYECCION DE QUIMICOS),Section:FFMFMEQ013.0 (MR PAQUETE DE INYECCION DE QUIMICOS)_20_10.3,DOC_CONTAINS_SECTION
Doc:FFMFMEX033.1 (HD PAQUETE DE INYECCION DE QUIMICOS),Section:FFMFMEX033.1 (HD PAQUETE DE INYECCION DE QUIMICOS)_1_NA,DOC_CONTAINS_SECTION
Doc:FFMFMEX033.1 (HD PAQUETE DE INYECCION DE QUIMICOS),Section:FFMFMEX033.1 (HD PAQUETE DE INYECCION DE QUIMICOS)_2_NA,DOC_CONTAINS_SECTION
Doc:FFMFMEX033.1 (HD PAQUETE DE INYECCION DE QUIMICOS),Section:FFMFMEX033.1 (HD PAQUETE DE INYECCION DE QUIMICOS)_3_NA,DOC_CONTAINS_SECTION
Doc:FFMFMEX033.1 (HD PAQUETE DE INYECCION DE QUIMICOS),Section:FFMFMEX033.1 (HD PAQUETE DE INYECCION DE QUIMICOS)_4_NA,DOC_CONTAINS_SECTION
Doc:FFMFSME015.1 (ET Paquete de Inyección de Químicos),Section:FFMFSME015.1 (ET Paquete de Inyección de Químicos)_1_NA,DOC_CONTAINS_SECTION
Doc:FFMFSME015.1 (ET Paquete de Inyección de Químicos),Section:FFMFSME015.1 (ET Paquete de Inyección de Químicos)_2_NA,DOC_CONTAINS_SECTION
Doc:FFMFSME015.1 (ET Paquete de Inyección de Químicos),Section:FFMFSME015.1 (ET Paquete de Inyección de Químicos)_3_NA,DOC_CONTAINS_SECTION
Doc:FFMFSME015.1 (ET Paquete de Inyección de Químicos),Section:FFMFSME015.1 (ET Paquete de Inyección de Químicos)_3_1.1,DOC_CONTAINS_SECTION
Doc:FFMFSME015.1 (ET Paquete de Inyección de Químicos),Section:FFMFSME015.1 (ET Paquete de Inyección de Químicos)_3_1.2,DOC_CONTAINS_SECTION
Doc:FFMFSME015.1 (ET Paquete de Inyección de Químicos),Section:FFMFSME015.1 (ET Paquete de Inyección de Químicos)_3_2.1,DOC_CONTAINS_SECTION
Doc:FFMFSME015.1 (ET Paquete de Inyección de Químicos),Section:FFMFSME015.1 (ET Paquete de Inyección de Químicos)_3_2.2,DOC_CONTAINS_SECTION
Doc:FFMFSME015.1 (ET Paquete de Inyección de Químicos),Section:FFMFSME015.1 (ET Paquete de Inyección de Químicos)_3_3.1,DOC_CONTAINS_SECTION
Doc:FFMFSME015.1 (ET Paquete de Inyección de Químicos),Section:FFMFSME015.1 (ET Paquete de Inyección de Químicos)_3_3.1.1,DOC_CONTAINS_SECTION
Doc:FFMFSME015.1 (ET Paquete de Inyección de Químicos),Section:FFMFSME015.1 (ET Paquete de Inyección de Químicos)_3_3.1.3,DOC_CONTAINS_SECTION
Doc:FFMFSME015.1 (ET Paquete de Inyección de Químicos),Section:FFMFSME015.1 (ET Paquete de Inyección de Químicos)_3_3.1.4,DOC_CONTAINS_SECTION
Doc:FFMFSME015.1 (ET Paquete de Inyección de Químicos),Section:FFMFSME015.1 (ET Paquete de Inyección de Químicos)_3_3.1.5,DOC_CONTAINS_SECTION
Doc:FFMFSME015.1 (ET Paquete de Inyección de Químicos),Section:FFMFSME015.1 (ET Paquete de Inyección de Químicos)_3_3.1.6,DOC_CONTAINS_SECTION
Doc:FFMFSME015.1 (ET Paquete de Inyección de Químicos),Section:FFMFSME015.1 (ET Paquete de Inyección de Químicos)_3_3.1.7,DOC_CONTAINS_SECTION
Doc:FFMFSME015.1 (ET Paquete de Inyección de Químicos),Section:FFMFSME015.1 (ET Paquete de Inyección de Químicos)_3_3.1.8,DOC_CONTAINS_SECTION
Doc:FFMFSME015.1 (ET Paquete de Inyección de Químicos),Section:FFMFSME015.1 (ET Paquete de Inyección de Químicos)_3_3.1.9,DOC_CONTAINS_SECTION
Doc:FFMFSME015.1 (ET Paquete de Inyección de Químicos),Section:FFMFSME015.1 (ET Paquete de Inyección de Químicos)_3_3.1.10,DOC_CONTAINS_SECTION
Doc:FFMFSME015.1 (ET Paquete de Inyección de Químicos),Section:FFMFSME015.1 (ET Paquete de Inyección de Químicos)_3_3.1.11,DOC_CONTAINS_SECTION
Doc:FFMFSME015.1 (ET Paquete de Inyección de Químicos),Section:FFMFSME015.1 (ET Paquete de Inyección de Químicos)_3_3.2,DOC_CONTAINS_SECTION
Doc:FFMFSME015.1 (ET Paquete de Inyección de Químicos),Section:FFMFSME015.1 (ET Paquete de Inyección de Químicos)_3_4.1,DOC_CONTAINS_SECTION
Doc:FFMFSME015.1 (ET Paquete de Inyección de Químicos),Section:FFMFSME015.1 (ET Paquete de Inyección de Químicos)_3_4.2,DOC_CONTAINS_SECTION
Doc:FFMFSME015.1 (ET Paquete de Inyección de Químicos),Section:FFMFSME015.1 (ET Paquete de Inyección de Químicos)_3_5.1,DOC_CONTAINS_SECTION
Doc:FFMFSME015.1 (ET Paquete de Inyección de Químicos),Section:FFMFSME015.1 (ET Paquete de Inyección de Químicos)_3_5.2,DOC_CONTAINS_SECTION
Doc:FFMFSME015.1 (ET Paquete de Inyección de Químicos),Section:FFMFSME015.1 (ET Paquete de Inyección de Químicos)_3_5.3,DOC_CONTAINS_SECTION
Doc:FFMFSME015.1 (ET Paquete de Inyección de Químicos),Section:FFMFSME015.1 (ET Paquete de Inyección de Químicos)_3_5.4,DOC_CONTAINS_SECTION
Doc:FFMFSME015.1 (ET Paquete de Inyección de Químicos),Section:FFMFSME015.1 (ET Paquete de Inyección de Químicos)_3_5.5,DOC_CONTAINS_SECTION
Doc:FFMFSME015.1 (ET Paquete de Inyección de Químicos),Section:FFMFSME015.1 (ET Paquete de Inyección de Químicos)_3_5.6,DOC_CONTAINS_SECTION
Doc:FFMFSME015.1 (ET Paquete de Inyección de Químicos),Section:FFMFSME015.1 (ET Paquete de Inyección de Químicos)_3_5.7,DOC_CONTAINS_SECTION
Doc:FFMFSME015.1 (ET Paquete de Inyección de Químicos),Section:FFMFSME015.1 (ET Paquete de Inyección de Químicos)_3_6.1,DOC_CONTAINS_SECTION
Doc:FFMFSME015.1 (ET Paquete de Inyección de Químicos),Section:FFMFSME015.1 (ET Paquete de Inyección de Químicos)_3_6.2,DOC_CONTAINS_SECTION
Doc:FFMFSME015.1 (ET Paquete de Inyección de Químicos),Section:FFMFSME015.1 (ET Paquete de Inyección de Químicos)_3_6.3,DOC_CONTAINS_SECTION
Doc:FFMFSME015.1 (ET Paquete de Inyección de Químicos),Section:FFMFSME015.1 (ET Paquete de Inyección de Químicos)_3_6.4,DOC_CONTAINS_SECTION
Doc:FFMFSME015.1 (ET Paquete de Inyección de Químicos),Section:FFMFSME015.1 (ET Paquete de Inyección de Químicos)_3_6.4.1,DOC_CONTAINS_SECTION
Doc:FFMFSME015.1 (ET Paquete de Inyección de Químicos),Section:FFMFSME015.1 (ET Paquete de Inyección de Químicos)_3_6.4.2,DOC_CONTAINS_SECTION
Doc:FFMFSME015.1 (ET Paquete de Inyección de Químicos),Section:FFMFSME015.1 (ET Paquete de Inyección de Químicos)_3_6.4.3,DOC_CONTAINS_SECTION
Doc:FFMFSME015.1 (ET Paquete de Inyección de Químicos),Section:FFMFSME015.1 (ET Paquete de Inyección de Químicos)_4_NA,DOC_CONTAINS_SECTION
Doc:FFMFSME015.1 (ET Paquete de Inyección de Químicos),Section:FFMFSME015.1 (ET Paquete de Inyección de Químicos)_4_6.4.4,DOC_CONTAINS_SECTION
Doc:FFMFSME015.1 (ET Paquete de Inyección de Químicos),Section:FFMFSME015.1 (ET Paquete de Inyección de Químicos)_4_7.1,DOC_CONTAINS_SECTION
Doc:FFMFSME015.1 (ET Paquete de Inyección de Químicos),Section:FFMFSME015.1 (ET Paquete de Inyección de Químicos)_4_7.2,DOC_CONTAINS_SECTION
Doc:FFMFSME015.1 (ET Paquete de Inyección de Químicos),Section:FFMFSME015.1 (ET Paquete de Inyección de Químicos)_4_7.2.1,DOC_CONTAINS_SECTION
Doc:FFMFSME015.1 (ET Paquete de Inyección de Químicos),Section:FFMFSME015.1 (ET Paquete de Inyección de Químicos)_4_7.3,DOC_CONTAINS_SECTION
Doc:FFMFSME015.1 (ET Paquete de Inyección de Químicos),Section:FFMFSME015.1 (ET Paquete de Inyección de Químicos)_4_7.3.1,DOC_CONTAINS_SECTION
Doc:FFMFSME015.1 (ET Paquete de Inyección de Químicos),Section:FFMFSME015.1 (ET Paquete de Inyección de Químicos)_4_7.3.2,DOC_CONTAINS_SECTION
Doc:FFMFSME015.1 (ET Paquete de Inyección de Químicos),Section:FFMFSME015.1 (ET Paquete de Inyección de Químicos)_4_7.3.3,DOC_CONTAINS_SECTION
Doc:FFMFSME015.1 (ET Paquete de Inyección de Químicos),Section:FFMFSME015.1 (ET Paquete de Inyección de Químicos)_4_7.4,DOC_CONTAINS_SECTION
Doc:FFMFSME015.1 (ET Paquete de Inyección de Químicos),Section:FFMFSME015.1 (ET Paquete de Inyección de Químicos)_4_7.5,DOC_CONTAINS_SECTION
Doc:FFMFSME015.1 (ET Paquete de Inyección de Químicos),Section:FFMFSME015.1 (ET Paquete de Inyección de Químicos)_4_7.6,DOC_CONTAINS_SECTION
Doc:FFMFSME015.1 (ET Paquete de Inyección de Químicos),Section:FFMFSME015.1 (ET Paquete de Inyección de Químicos)_4_7.6.1,DOC_CONTAINS_SECTION
Doc:FFMFSME015.1 (ET Paquete de Inyección de Químicos),Section:FFMFSME015.1 (ET Paquete de Inyección de Químicos)_4_7.6.2,DOC_CONTAINS_SECTION
Doc:FFMFSME015.1 (ET Paquete de Inyección de Químicos),Section:FFMFSME015.1 (ET Paquete de Inyección de Químicos)_4_7.6.3,DOC_CONTAINS_SECTION
Doc:FFMFSME015.1 (ET Paquete de Inyección de Químicos),Section:FFMFSME015.1 (ET Paquete de Inyección de Químicos)_4_7.6.4,DOC_CONTAINS_SECTION
Doc:FFMFSME015.1 (ET Paquete de Inyección de Químicos),Section:FFMFSME015.1 (ET Paquete de Inyección de Químicos)_4_7.6.5,DOC_CONTAINS_SECTION
Doc:FFMFSME015.1 (ET Paquete de Inyección de Químicos),Section:FFMFSME015.1 (ET Paquete de Inyección de Químicos)_4_7.6.6,DOC_CONTAINS_SECTION
Doc:FFMFSME015.1 (ET Paquete de Inyección de Químicos),Section:FFMFSME015.1 (ET Paquete de Inyección de Químicos)_4_7.6.7,DOC_CONTAINS_SECTION
Doc:FFMFSME015.1 (ET Paquete de Inyección de Químicos),Section:FFMFSME015.1 (ET Paquete de Inyección de Químicos)_4_7.6.8,DOC_CONTAINS_SECTION
Doc:FFMFSME015.1 (ET Paquete de Inyección de Químicos),Section:FFMFSME015.1 (ET Paquete de Inyección de Químicos)_4_7.7,DOC_CONTAINS_SECTION
Doc:FFMFSME015.1 (ET Paquete de Inyección de Químicos),Section:FFMFSME015.1 (ET Paquete de Inyección de Químicos)_4_7.7.1,DOC_CONTAINS_SECTION
Doc:FFMFSME015.1 (ET Paquete de Inyección de Químicos),Section:FFMFSME015.1 (ET Paquete de Inyección de Químicos)_4_7.7.2,DOC_CONTAINS_SECTION
Doc:FFMFSME015.1 (ET Paquete de Inyección de Químicos),Section:FFMFSME015.1 (ET Paquete de Inyección de Químicos)_4_7.7.3,DOC_CONTAINS_SECTION
Doc:FFMFSME015.1 (ET Paquete de Inyección de Químicos),Section:FFMFSME015.1 (ET Paquete de Inyección de Químicos)_4_7.7.4,DOC_CONTAINS_SECTION
Doc:FFMFSME015.1 (ET Paquete de Inyección de Químicos),Section:FFMFSME015.1 (ET Paquete de Inyección de Químicos)_4_7.8,DOC_CONTAINS_SECTION
Doc:FFMFSME015.1 (ET Paquete de Inyección de Químicos),Section:FFMFSME015.1 (ET Paquete de Inyección de Químicos)_4_7.9,DOC_CONTAINS_SECTION
Doc:FFMFSME015.1 (ET Paquete de Inyección de Químicos),Section:FFMFSME015.1 (ET Paquete de Inyección de Químicos)_4_7.10,DOC_CONTAINS_SECTION
Doc:FFMFSME015.1 (ET Paquete de Inyección de Químicos),Section:FFMFSME015.1 (ET Paquete de Inyección de Químicos)_4_8.1,DOC_CONTAINS_SECTION
Doc:FFMFSME015.1 (ET Paquete de Inyección de Químicos),Section:FFMFSME015.1 (ET Paquete de Inyección de Químicos)_4_8.2,DOC_CONTAINS_SECTION
Doc:FFMFSME015.1 (ET Paquete de Inyección de Químicos),Section:FFMFSME015.1 (ET Paquete de Inyección de Químicos)_4_8.3,DOC_CONTAINS_SECTION
Doc:FFMFSME015.1 (ET Paquete de Inyección de Químicos),Section:FFMFSME015.1 (ET Paquete de Inyección de Químicos)_4_8.3.1,DOC_CONTAINS_SECTION
Doc:FFMFSME015.1 (ET Paquete de Inyección de Químicos),Section:FFMFSME015.1 (ET Paquete de Inyección de Químicos)_4_8.3.2,DOC_CONTAINS_SECTION
Doc:FFMFSME015.1 (ET Paquete de Inyección de Químicos),Section:FFMFSME015.1 (ET Paquete de Inyección de Químicos)_4_10.1,DOC_CONTAINS_SECTION
Doc:FFMFSME015.1 (ET Paquete de Inyección de Químicos),Section:FFMFSME015.1 (ET Paquete de Inyección de Químicos)_4_11.1,DOC_CONTAINS_SECTION
Doc:FFMFSME015.1 (ET Paquete de Inyección de Químicos),Section:FFMFSME015.1 (ET Paquete de Inyección de Químicos)_4_11.2,DOC_CONTAINS_SECTION
Doc:FFMFSME015.1 (ET Paquete de Inyección de Químicos),Section:FFMFSME015.1 (ET Paquete de Inyección de Químicos)_5_NA,DOC_CONTAINS_SECTION
Doc:FFMFSME015.1 (ET Paquete de Inyección de Químicos),Section:FFMFSME015.1 (ET Paquete de Inyección de Químicos)_5_12.1,DOC_CONTAINS_SECTION
Doc:FFMFSME015.1 (ET Paquete de Inyección de Químicos),Section:FFMFSME015.1 (ET Paquete de Inyección de Químicos)_5_12.2,DOC_CONTAINS_SECTION
Doc:FFMFSME015.1 (ET Paquete de Inyección de Químicos),Section:FFMFSME015.1 (ET Paquete de Inyección de Químicos)_5_12.3,DOC_CONTAINS_SECTION
Doc:FFMFSME015.1 (ET Paquete de Inyección de Químicos),Section:FFMFSME015.1 (ET Paquete de Inyección de Químicos)_5_12.4,DOC_CONTAINS_SECTION
Doc:FFMFSME015.1 (ET Paquete de Inyección de Químicos),Section:FFMFSME015.1 (ET Paquete de Inyección de Químicos)_6_NA,DOC_CONTAINS_SECTION
Doc:FFMFSME015.1 (ET Paquete de Inyección de Químicos),Section:FFMFSME015.1 (ET Paquete de Inyección de Químicos)_7_NA,DOC_CONTAINS_SECTION
Doc:FFMFSME015.1 (ET Paquete de Inyección de Químicos),Section:FFMFSME015.1 (ET Paquete de Inyección de Químicos)_7_1.1,DOC_CONTAINS_SECTION
Doc:FFMFSME015.1 (ET Paquete de Inyección de Químicos),Section:FFMFSME015.1 (ET Paquete de Inyección de Químicos)_7_1.2,DOC_CONTAINS_SECTION
Doc:FFMFSME015.1 (ET Paquete de Inyección de Químicos),Section:FFMFSME015.1 (ET Paquete de Inyección de Químicos)_8_NA,DOC_CONTAINS_SECTION
Doc:FFMFSME015.1 (ET Paquete de Inyección de Químicos),Section:FFMFSME015.1 (ET Paquete de Inyección de Químicos)_8_2.1,DOC_CONTAINS_SECTION
Doc:FFMFSME015.1 (ET Paquete de Inyección de Químicos),Section:FFMFSME015.1 (ET Paquete de Inyección de Químicos)_8_2.2,DOC_CONTAINS_SECTION
Doc:FFMFSME015.1 (ET Paquete de Inyección de Químicos),Section:FFMFSME015.1 (ET Paquete de Inyección de Químicos)_9_NA,DOC_CONTAINS_SECTION
Doc:FFMFSME015.1 (ET Paquete de Inyección de Químicos),Section:FFMFSME015.1 (ET Paquete de Inyección de Químicos)_10_NA,DOC_CONTAINS_SECTION
Doc:FFMFSME015.1 (ET Paquete de Inyección de Químicos),Section:FFMFSME015.1 (ET Paquete de Inyección de Químicos)_10_3.1,DOC_CONTAINS_SECTION
Doc:FFMFSME015.1 (ET Paquete de Inyección de Químicos),Section:FFMFSME015.1 (ET Paquete de Inyección de Químicos)_10_3.1.1,DOC_CONTAINS_SECTION
Doc:FFMFSME015.1 (ET Paquete de Inyección de Químicos),Section:FFMFSME015.1 (ET Paquete de Inyección de Químicos)_10_3.1.2,DOC_CONTAINS_SECTION
Doc:FFMFSME015.1 (ET Paquete de Inyección de Químicos),Section:FFMFSME015.1 (ET Paquete de Inyección de Químicos)_11_NA,DOC_CONTAINS_SECTION
Doc:FFMFSME015.1 (ET Paquete de Inyección de Químicos),Section:FFMFSME015.1 (ET Paquete de Inyección de Químicos)_11_3.1.3,DOC_CONTAINS_SECTION
Doc:FFMFSME015.1 (ET Paquete de Inyección de Químicos),Section:FFMFSME015.1 (ET Paquete de Inyección de Químicos)_11_3.1.4,DOC_CONTAINS_SECTION
Doc:FFMFSME015.1 (ET Paquete de Inyección de Químicos),Section:FFMFSME015.1 (ET Paquete de Inyección de Químicos)_12_NA,DOC_CONTAINS_SECTION
Doc:FFMFSME015.1 (ET Paquete de Inyección de Químicos),Section:FFMFSME015.1 (ET Paquete de Inyección de Químicos)_12_3.1.5,DOC_CONTAINS_SECTION
Doc:FFMFSME015.1 (ET Paquete de Inyección de Químicos),Section:FFMFSME015.1 (ET Paquete de Inyección de Químicos)_12_3.1.6,DOC_CONTAINS_SECTION
Doc:FFMFSME015.1 (ET Paquete de Inyección de Químicos),Section:FFMFSME015.1 (ET Paquete de Inyección de Químicos)_12_3.1.7,DOC_CONTAINS_SECTION
Doc:FFMFSME015.1 (ET Paquete de Inyección de Químicos),Section:FFMFSME015.1 (ET Paquete de Inyección de Químicos)_12_3.1.8,DOC_CONTAINS_SECTION
Doc:FFMFSME015.1 (ET Paquete de Inyección de Químicos),Section:FFMFSME015.1 (ET Paquete de Inyección de Químicos)_12_3.1.9,DOC_CONTAINS_SECTION
Doc:FFMFSME015.1 (ET Paquete de Inyección de Químicos),Section:FFMFSME015.1 (ET Paquete de Inyección de Químicos)_12_3.1.10,DOC_CONTAINS_SECTION
Doc:FFMFSME015.1 (ET Paquete de Inyección de Químicos),Section:FFMFSME015.1 (ET Paquete de Inyección de Químicos)_13_NA,DOC_CONTAINS_SECTION
Doc:FFMFSME015.1 (ET Paquete de Inyección de Químicos),Section:FFMFSME015.1 (ET Paquete de Inyección de Químicos)_13_3.1.11,DOC_CONTAINS_SECTION
Doc:FFMFSME015.1 (ET Paquete de Inyección de Químicos),Section:FFMFSME015.1 (ET Paquete de Inyección de Químicos)_13_3.2,DOC_CONTAINS_SECTION
Doc:FFMFSME015.1 (ET Paquete de Inyección de Químicos),Section:FFMFSME015.1 (ET Paquete de Inyección de Químicos)_14_NA,DOC_CONTAINS_SECTION
Doc:FFMFSME015.1 (ET Paquete de Inyección de Químicos),Section:FFMFSME015.1 (ET Paquete de Inyección de Químicos)_14_4.1,DOC_CONTAINS_SECTION
Doc:FFMFSME015.1 (ET Paquete de Inyección de Químicos),Section:FFMFSME015.1 (ET Paquete de Inyección de Químicos)_14_4.2,DOC_CONTAINS_SECTION
Doc:FFMFSME015.1 (ET Paquete de Inyección de Químicos),Section:FFMFSME015.1 (ET Paquete de Inyección de Químicos)_15_NA,DOC_CONTAINS_SECTION
Doc:FFMFSME015.1 (ET Paquete de Inyección de Químicos),Section:FFMFSME015.1 (ET Paquete de Inyección de Químicos)_16_NA,DOC_CONTAINS_SECTION
Doc:FFMFSME015.1 (ET Paquete de Inyección de Químicos),Section:FFMFSME015.1 (ET Paquete de Inyección de Químicos)_16_5.1,DOC_CONTAINS_SECTION
Doc:FFMFSME015.1 (ET Paquete de Inyección de Químicos),Section:FFMFSME015.1 (ET Paquete de Inyección de Químicos)_16_5.2,DOC_CONTAINS_SECTION
Doc:FFMFSME015.1 (ET Paquete de Inyección de Químicos),Section:FFMFSME015.1 (ET Paquete de Inyección de Químicos)_16_5.3,DOC_CONTAINS_SECTION
Doc:FFMFSME015.1 (ET Paquete de Inyección de Químicos),Section:FFMFSME015.1 (ET Paquete de Inyección de Químicos)_16_5.4,DOC_CONTAINS_SECTION
Doc:FFMFSME015.1 (ET Paquete de Inyección de Químicos),Section:FFMFSME015.1 (ET Paquete de Inyección de Químicos)_16_5.5,DOC_CONTAINS_SECTION
Doc:FFMFSME015.1 (ET Paquete de Inyección de Químicos),Section:FFMFSME015.1 (ET Paquete de Inyección de Químicos)_16_5.6,DOC_CONTAINS_SECTION
Doc:FFMFSME015.1 (ET Paquete de Inyección de Químicos),Section:FFMFSME015.1 (ET Paquete de Inyección de Químicos)_17_NA,DOC_CONTAINS_SECTION
Doc:FFMFSME015.1 (ET Paquete de Inyección de Químicos),Section:FFMFSME015.1 (ET Paquete de Inyección de Químicos)_17_5.7,DOC_CONTAINS_SECTION
Doc:FFMFSME015.1 (ET Paquete de Inyección de Químicos),Section:FFMFSME015.1 (ET Paquete de Inyección de Químicos)_18_NA,DOC_CONTAINS_SECTION
Doc:FFMFSME015.1 (ET Paquete de Inyección de Químicos),Section:FFMFSME015.1 (ET Paquete de Inyección de Químicos)_18_6.1,DOC_CONTAINS_SECTION
Doc:FFMFSME015.1 (ET Paquete de Inyección de Químicos),Section:FFMFSME015.1 (ET Paquete de Inyección de Químicos)_18_6.2,DOC_CONTAINS_SECTION
Doc:FFMFSME015.1 (ET Paquete de Inyección de Químicos),Section:FFMFSME015.1 (ET Paquete de Inyección de Químicos)_19_NA,DOC_CONTAINS_SECTION
Doc:FFMFSME015.1 (ET Paquete de Inyección de Químicos),Section:FFMFSME015.1 (ET Paquete de Inyección de Químicos)_19_6.3,DOC_CONTAINS_SECTION
Doc:FFMFSME015.1 (ET Paquete de Inyección de Químicos),Section:FFMFSME015.1 (ET Paquete de Inyección de Químicos)_20_NA,DOC_CONTAINS_SECTION
Doc:FFMFSME015.1 (ET Paquete de Inyección de Químicos),Section:FFMFSME015.1 (ET Paquete de Inyección de Químicos)_20_6.4,DOC_CONTAINS_SECTION
Doc:FFMFSME015.1 (ET Paquete de Inyección de Químicos),Section:FFMFSME015.1 (ET Paquete de Inyección de Químicos)_20_6.4.1,DOC_CONTAINS_SECTION
Doc:FFMFSME015.1 (ET Paquete de Inyección de Químicos),Section:FFMFSME015.1 (ET Paquete de Inyección de Químicos)_20_6.4.2,DOC_CONTAINS_SECTION
Doc:FFMFSME015.1 (ET Paquete de Inyección de Químicos),Section:FFMFSME015.1 (ET Paquete de Inyección de Químicos)_20_6.4.3,DOC_CONTAINS_SECTION
Doc:FFMFSME015.1 (ET Paquete de Inyección de Químicos),Section:FFMFSME015.1 (ET Paquete de Inyección de Químicos)_21_NA,DOC_CONTAINS_SECTION
Doc:FFMFSME015.1 (ET Paquete de Inyección de Químicos),Section:FFMFSME015.1 (ET Paquete de Inyección de Químicos)_21_6.4.4,DOC_CONTAINS_SECTION
Doc:FFMFSME015.1 (ET Paquete de Inyección de Químicos),Section:FFMFSME015.1 (ET Paquete de Inyección de Químicos)_22_NA,DOC_CONTAINS_SECTION
Doc:FFMFSME015.1 (ET Paquete de Inyección de Químicos),Section:FFMFSME015.1 (ET Paquete de Inyección de Químicos)_22_7.1,DOC_CONTAINS_SECTION
Doc:FFMFSME015.1 (ET Paquete de Inyección de Químicos),Section:FFMFSME015.1 (ET Paquete de Inyección de Químicos)_23_NA,DOC_CONTAINS_SECTION
Doc:FFMFSME015.1 (ET Paquete de Inyección de Químicos),Section:FFMFSME015.1 (ET Paquete de Inyección de Químicos)_23_7.2,DOC_CONTAINS_SECTION
Doc:FFMFSME015.1 (ET Paquete de Inyección de Químicos),Section:FFMFSME015.1 (ET Paquete de Inyección de Químicos)_24_NA,DOC_CONTAINS_SECTION
Doc:FFMFSME015.1 (ET Paquete de Inyección de Químicos),Section:FFMFSME015.1 (ET Paquete de Inyección de Químicos)_24_7.2.1,DOC_CONTAINS_SECTION
Doc:FFMFSME015.1 (ET Paquete de Inyección de Químicos),Section:FFMFSME015.1 (ET Paquete de Inyección de Químicos)_25_NA,DOC_CONTAINS_SECTION
Doc:FFMFSME015.1 (ET Paquete de Inyección de Químicos),Section:FFMFSME015.1 (ET Paquete de Inyección de Químicos)_25_7.3,DOC_CONTAINS_SECTION
Doc:FFMFSME015.1 (ET Paquete de Inyección de Químicos),Section:FFMFSME015.1 (ET Paquete de Inyección de Químicos)_25_7.3.1,DOC_CONTAINS_SECTION
Doc:FFMFSME015.1 (ET Paquete de Inyección de Químicos),Section:FFMFSME015.1 (ET Paquete de Inyección de Químicos)_26_NA,DOC_CONTAINS_SECTION
Doc:FFMFSME015.1 (ET Paquete de Inyección de Químicos),Section:FFMFSME015.1 (ET Paquete de Inyección de Químicos)_26_7.3.2,DOC_CONTAINS_SECTION
Doc:FFMFSME015.1 (ET Paquete de Inyección de Químicos),Section:FFMFSME015.1 (ET Paquete de Inyección de Químicos)_26_7.3.3,DOC_CONTAINS_SECTION
Doc:FFMFSME015.1 (ET Paquete de Inyección de Químicos),Section:FFMFSME015.1 (ET Paquete de Inyección de Químicos)_27_NA,DOC_CONTAINS_SECTION
Doc:FFMFSME015.1 (ET Paquete de Inyección de Químicos),Section:FFMFSME015.1 (ET Paquete de Inyección de Químicos)_27_7.4,DOC_CONTAINS_SECTION
Doc:FFMFSME015.1 (ET Paquete de Inyección de Químicos),Section:FFMFSME015.1 (ET Paquete de Inyección de Químicos)_27_7.5,DOC_CONTAINS_SECTION
Doc:FFMFSME015.1 (ET Paquete de Inyección de Químicos),Section:FFMFSME015.1 (ET Paquete de Inyección de Químicos)_28_NA,DOC_CONTAINS_SECTION
Doc:FFMFSME015.1 (ET Paquete de Inyección de Químicos),Section:FFMFSME015.1 (ET Paquete de Inyección de Químicos)_28_7.6,DOC_CONTAINS_SECTION
Doc:FFMFSME015.1 (ET Paquete de Inyección de Químicos),Section:FFMFSME015.1 (ET Paquete de Inyección de Químicos)_29_NA,DOC_CONTAINS_SECTION
Doc:FFMFSME015.1 (ET Paquete de Inyección de Químicos),Section:FFMFSME015.1 (ET Paquete de Inyección de Químicos)_29_7.6.1,DOC_CONTAINS_SECTION
Doc:FFMFSME015.1 (ET Paquete de Inyección de Químicos),Section:FFMFSME015.1 (ET Paquete de Inyección de Químicos)_29_7.6.2,DOC_CONTAINS_SECTION
Doc:FFMFSME015.1 (ET Paquete de Inyección de Químicos),Section:FFMFSME015.1 (ET Paquete de Inyección de Químicos)_30_NA,DOC_CONTAINS_SECTION
Doc:FFMFSME015.1 (ET Paquete de Inyección de Químicos),Section:FFMFSME015.1 (ET Paquete de Inyección de Químicos)_30_7.6.3,DOC_CONTAINS_SECTION
Doc:FFMFSME015.1 (ET Paquete de Inyección de Químicos),Section:FFMFSME015.1 (ET Paquete de Inyección de Químicos)_30_7.6.4,DOC_CONTAINS_SECTION
Doc:FFMFSME015.1 (ET Paquete de Inyección de Químicos),Section:FFMFSME015.1 (ET Paquete de Inyección de Químicos)_30_7.6.5,DOC_CONTAINS_SECTION
Doc:FFMFSME015.1 (ET Paquete de Inyección de Químicos),Section:FFMFSME015.1 (ET Paquete de Inyección de Químicos)_30_7.6.6,DOC_CONTAINS_SECTION
Doc:FFMFSME015.1 (ET Paquete de Inyección de Químicos),Section:FFMFSME015.1 (ET Paquete de Inyección de Químicos)_31_NA,DOC_CONTAINS_SECTION
Doc:FFMFSME015.1 (ET Paquete de Inyección de Químicos),Section:FFMFSME015.1 (ET Paquete de Inyección de Químicos)_31_7.6.7,DOC_CONTAINS_SECTION
Doc:FFMFSME015.1 (ET Paquete de Inyección de Químicos),Section:FFMFSME015.1 (ET Paquete de Inyección de Químicos)_31_7.6.8,DOC_CONTAINS_SECTION
Doc:FFMFSME015.1 (ET Paquete de Inyección de Químicos),Section:FFMFSME015.1 (ET Paquete de Inyección de Químicos)_31_7.7,DOC_CONTAINS_SECTION
Doc:FFMFSME015.1 (ET Paquete de Inyección de Químicos),Section:FFMFSME015.1 (ET Paquete de Inyección de Químicos)_32_NA,DOC_CONTAINS_SECTION
Doc:FFMFSME015.1 (ET Paquete de Inyección de Químicos),Section:FFMFSME015.1 (ET Paquete de Inyección de Químicos)_33_NA,DOC_CONTAINS_SECTION
Doc:FFMFSME015.1 (ET Paquete de Inyección de Químicos),Section:FFMFSME015.1 (ET Paquete de Inyección de Químicos)_33_7.7.1,DOC_CONTAINS_SECTION
Doc:FFMFSME015.1 (ET Paquete de Inyección de Químicos),Section:FFMFSME015.1 (ET Paquete de Inyección de Químicos)_34_NA,DOC_CONTAINS_SECTION
Doc:FFMFSME015.1 (ET Paquete de Inyección de Químicos),Section:FFMFSME015.1 (ET Paquete de Inyección de Químicos)_34_7.7.2,DOC_CONTAINS_SECTION
Doc:FFMFSME015.1 (ET Paquete de Inyección de Químicos),Section:FFMFSME015.1 (ET Paquete de Inyección de Químicos)_34_7.7.3,DOC_CONTAINS_SECTION
Doc:FFMFSME015.1 (ET Paquete de Inyección de Químicos),Section:FFMFSME015.1 (ET Paquete de Inyección de Químicos)_35_NA,DOC_CONTAINS_SECTION
Doc:FFMFSME015.1 (ET Paquete de Inyección de Químicos),Section:FFMFSME015.1 (ET Paquete de Inyección de Químicos)_35_7.7.4,DOC_CONTAINS_SECTION
Doc:FFMFSME015.1 (ET Paquete de Inyección de Químicos),Section:FFMFSME015.1 (ET Paquete de Inyección de Químicos)_35_7.8,DOC_CONTAINS_SECTION
Doc:FFMFSME015.1 (ET Paquete de Inyección de Químicos),Section:FFMFSME015.1 (ET Paquete de Inyección de Químicos)_36_NA,DOC_CONTAINS_SECTION
Doc:FFMFSME015.1 (ET Paquete de Inyección de Químicos),Section:FFMFSME015.1 (ET Paquete de Inyección de Químicos)_36_7.9,DOC_CONTAINS_SECTION
Doc:FFMFSME015.1 (ET Paquete de Inyección de Químicos),Section:FFMFSME015.1 (ET Paquete de Inyección de Químicos)_36_7.10,DOC_CONTAINS_SECTION
Doc:FFMFSME015.1 (ET Paquete de Inyección de Químicos),Section:FFMFSME015.1 (ET Paquete de Inyección de Químicos)_37_NA,DOC_CONTAINS_SECTION
Doc:FFMFSME015.1 (ET Paquete de Inyección de Químicos),Section:FFMFSME015.1 (ET Paquete de Inyección de Químicos)_38_NA,DOC_CONTAINS_SECTION
Doc:FFMFSME015.1 (ET Paquete de Inyección de Químicos),Section:FFMFSME015.1 (ET Paquete de Inyección de Químicos)_38_8.1,DOC_CONTAINS_SECTION
Doc:FFMFSME015.1 (ET Paquete de Inyección de Químicos),Section:FFMFSME015.1 (ET Paquete de Inyección de Químicos)_38_8.2,DOC_CONTAINS_SECTION
Doc:FFMFSME015.1 (ET Paquete de Inyección de Químicos),Section:FFMFSME015.1 (ET Paquete de Inyección de Químicos)_39_NA,DOC_CONTAINS_SECTION
Doc:FFMFSME015.1 (ET Paquete de Inyección de Químicos),Section:FFMFSME015.1 (ET Paquete de Inyección de Químicos)_39_8.3,DOC_CONTAINS_SECTION
Doc:FFMFSME015.1 (ET Paquete de Inyección de Químicos),Section:FFMFSME015.1 (ET Paquete de Inyección de Químicos)_39_8.3.1,DOC_CONTAINS_SECTION
Doc:FFMFSME015.1 (ET Paquete de Inyección de Químicos),Section:FFMFSME015.1 (ET Paquete de Inyección de Químicos)_39_8.3.2,DOC_CONTAINS_SECTION
Doc:FFMFSME015.1 (ET Paquete de Inyección de Químicos),Section:FFMFSME015.1 (ET Paquete de Inyección de Químicos)_40_NA,DOC_CONTAINS_SECTION
Doc:FFMFSME015.1 (ET Paquete de Inyección de Químicos),Section:FFMFSME015.1 (ET Paquete de Inyección de Químicos)_41_NA,DOC_CONTAINS_SECTION
Doc:FFMFSME015.1 (ET Paquete de Inyección de Químicos),Section:FFMFSME015.1 (ET Paquete de Inyección de Químicos)_41_10.1,DOC_CONTAINS_SECTION
Doc:FFMFSME015.1 (ET Paquete de Inyección de Químicos),Section:FFMFSME015.1 (ET Paquete de Inyección de Químicos)_42_NA,DOC_CONTAINS_SECTION
Doc:FFMFSME015.1 (ET Paquete de Inyección de Químicos),Section:FFMFSME015.1 (ET Paquete de Inyección de Químicos)_42_11.1,DOC_CONTAINS_SECTION
Doc:FFMFSME015.1 (ET Paquete de Inyección de Químicos),Section:FFMFSME015.1 (ET Paquete de Inyección de Químicos)_43_NA,DOC_CONTAINS_SECTION
Doc:FFMFSME015.1 (ET Paquete de Inyección de Químicos),Section:FFMFSME015.1 (ET Paquete de Inyección de Químicos)_43_11.2,DOC_CONTAINS_SECTION
Doc:FFMFSME015.1 (ET Paquete de Inyección de Químicos),Section:FFMFSME015.1 (ET Paquete de Inyección de Químicos)_44_NA,DOC_CONTAINS_SECTION
Doc:FFMFSME015.1 (ET Paquete de Inyección de Químicos),Section:FFMFSME015.1 (ET Paquete de Inyección de Químicos)_44_12.1,DOC_CONTAINS_SECTION
Doc:FFMFSME015.1 (ET Paquete de Inyección de Químicos),Section:FFMFSME015.1 (ET Paquete de Inyección de Químicos)_45_NA,DOC_CONTAINS_SECTION
Doc:FFMFSME015.1 (ET Paquete de Inyección de Químicos),Section:FFMFSME015.1 (ET Paquete de Inyección de Químicos)_46_NA,DOC_CONTAINS_SECTION
Doc:FFMFSME015.1 (ET Paquete de Inyección de Químicos),Section:FFMFSME015.1 (ET Paquete de Inyección de Químicos)_46_12.2,DOC_CONTAINS_SECTION
Doc:FFMFSME015.1 (ET Paquete de Inyección de Químicos),Section:FFMFSME015.1 (ET Paquete de Inyección de Químicos)_46_12.3,DOC_CONTAINS_SECTION
Doc:FFMFSME015.1 (ET Paquete de Inyección de Químicos),Section:FFMFSME015.1 (ET Paquete de Inyección de Químicos)_46_12.4,DOC_CONTAINS_SECTION
Doc:FFMFSME015.1 (ET Paquete de Inyección de Químicos),Section:FFMFSME015.1 (ET Paquete de Inyección de Químicos)_47_NA,DOC_CONTAINS_SECTION
Doc:FFMFSME015.1 (ET Paquete de Inyección de Químicos),Section:FFMFSME015.1 (ET Paquete de Inyección de Químicos)_48_NA,DOC_CONTAINS_SECTION
Doc:FFMFSME015.1 (ET Paquete de Inyección de Químicos),Section:FFMFSME015.1 (ET Paquete de Inyección de Químicos)_49_NA,DOC_CONTAINS_SECTION
Doc:FFMFMEQ013.0 (MR PAQUETE DE INYECCION DE QUIMICOS),Table:FFMFMEQ013.0 (MR PAQUETE DE INYECCION DE QUIMICOS)::p001::t01,DOC_CONTAINS_TABLE
Doc:FFMFMEQ013.0 (MR PAQUETE DE INYECCION DE QUIMICOS),Table:FFMFMEQ013.0 (MR PAQUETE DE INYECCION DE QUIMICOS)::p001::t02,DOC_CONTAINS_TABLE
Doc:FFMFMEQ013.0 (MR PAQUETE DE INYECCION DE QUIMICOS),Table:FFMFMEQ013.0 (MR PAQUETE DE INYECCION DE QUIMICOS)::p001::t03,DOC_CONTAINS_TABLE
Doc:FFMFMEQ013.0 (MR PAQUETE DE INYECCION DE QUIMICOS),Table:FFMFMEQ013.0 (MR PAQUETE DE INYECCION DE QUIMICOS)::p001::t04,DOC_CONTAINS_TABLE
Doc:FFMFMEQ013.0 (MR PAQUETE DE INYECCION DE QUIMICOS),Table:FFMFMEQ013.0 (MR PAQUETE DE INYECCION DE QUIMICOS)::p003::t01,DOC_CONTAINS_TABLE
Doc:FFMFMEQ013.0 (MR PAQUETE DE INYECCION DE QUIMICOS),Table:FFMFMEQ013.0 (MR PAQUETE DE INYECCION DE QUIMICOS)::p003::t02,DOC_CONTAINS_TABLE
Doc:FFMFMEQ013.0 (MR PAQUETE DE INYECCION DE QUIMICOS),Table:FFMFMEQ013.0 (MR PAQUETE DE INYECCION DE QUIMICOS)::p005::t01,DOC_CONTAINS_TABLE
Doc:FFMFMEQ013.0 (MR PAQUETE DE INYECCION DE QUIMICOS),Table:FFMFMEQ013.0 (MR PAQUETE DE INYECCION DE QUIMICOS)::p005::t02,DOC_CONTAINS_TABLE
Doc:FFMFMEQ013.0 (MR PAQUETE DE INYECCION DE QUIMICOS),Table:FFMFMEQ013.0 (MR PAQUETE DE INYECCION DE QUIMICOS)::p005::t03,DOC_CONTAINS_TABLE
Doc:FFMFMEQ013.0 (MR PAQUETE DE INYECCION DE QUIMICOS),Table:FFMFMEQ013.0 (MR PAQUETE DE INYECCION DE QUIMICOS)::p006::t01,DOC_CONTAINS_TABLE
Doc:FFMFMEQ013.0 (MR PAQUETE DE INYECCION DE QUIMICOS),Table:FFMFMEQ013.0 (MR PAQUETE DE INYECCION DE QUIMICOS)::p006::t02,DOC_CONTAINS_TABLE
Doc:FFMFMEQ013.0 (MR PAQUETE DE INYECCION DE QUIMICOS),Table:FFMFMEQ013.0 (MR PAQUETE DE INYECCION DE QUIMICOS)::p007::t01,DOC_CONTAINS_TABLE
Doc:FFMFMEQ013.0 (MR PAQUETE DE INYECCION DE QUIMICOS),Table:FFMFMEQ013.0 (MR PAQUETE DE INYECCION DE QUIMICOS)::p007::t02,DOC_CONTAINS_TABLE
Doc:FFMFMEQ013.0 (MR PAQUETE DE INYECCION DE QUIMICOS),Table:FFMFMEQ013.0 (MR PAQUETE DE INYECCION DE QUIMICOS)::p007::t03,DOC_CONTAINS_TABLE
Doc:FFMFMEQ013.0 (MR PAQUETE DE INYECCION DE QUIMICOS),Table:FFMFMEQ013.0 (MR PAQUETE DE INYECCION DE QUIMICOS)::p008::t01,DOC_CONTAINS_TABLE
Doc:FFMFMEQ013.0 (MR PAQUETE DE INYECCION DE QUIMICOS),Table:FFMFMEQ013.0 (MR PAQUETE DE INYECCION DE QUIMICOS)::p008::t02,DOC_CONTAINS_TABLE
Doc:FFMFMEQ013.0 (MR PAQUETE DE INYECCION DE QUIMICOS),Table:FFMFMEQ013.0 (MR PAQUETE DE INYECCION DE QUIMICOS)::p008::t03,DOC_CONTAINS_TABLE
Doc:FFMFMEQ013.0 (MR PAQUETE DE INYECCION DE QUIMICOS),Table:FFMFMEQ013.0 (MR PAQUETE DE INYECCION DE QUIMICOS)::p009::t01,DOC_CONTAINS_TABLE
Doc:FFMFMEQ013.0 (MR PAQUETE DE INYECCION DE QUIMICOS),Table:FFMFMEQ013.0 (MR PAQUETE DE INYECCION DE QUIMICOS)::p009::t02,DOC_CONTAINS_TABLE
Doc:FFMFMEQ013.0 (MR PAQUETE DE INYECCION DE QUIMICOS),Table:FFMFMEQ013.0 (MR PAQUETE DE INYECCION DE QUIMICOS)::p009::t03,DOC_CONTAINS_TABLE
Doc:FFMFMEQ013.0 (MR PAQUETE DE INYECCION DE QUIMICOS),Table:FFMFMEQ013.0 (MR PAQUETE DE INYECCION DE QUIMICOS)::p010::t01,DOC_CONTAINS_TABLE
Doc:FFMFMEQ013.0 (MR PAQUETE DE INYECCION DE QUIMICOS),Table:FFMFMEQ013.0 (MR PAQUETE DE INYECCION DE QUIMICOS)::p010::t02,DOC_CONTAINS_TABLE
Doc:FFMFMEQ013.0 (MR PAQUETE DE INYECCION DE QUIMICOS),Table:FFMFMEQ013.0 (MR PAQUETE DE INYECCION DE QUIMICOS)::p010::t03,DOC_CONTAINS_TABLE
Doc:FFMFMEQ013.0 (MR PAQUETE DE INYECCION DE QUIMICOS),Table:FFMFMEQ013.0 (MR PAQUETE DE INYECCION DE QUIMICOS)::p011::t01,DOC_CONTAINS_TABLE
Doc:FFMFMEQ013.0 (MR PAQUETE DE INYECCION DE QUIMICOS),Table:FFMFMEQ013.0 (MR PAQUETE DE INYECCION DE QUIMICOS)::p011::t02,DOC_CONTAINS_TABLE
Doc:FFMFMEQ013.0 (MR PAQUETE DE INYECCION DE QUIMICOS),Table:FFMFMEQ013.0 (MR PAQUETE DE INYECCION DE QUIMICOS)::p011::t03,DOC_CONTAINS_TABLE
Doc:FFMFMEQ013.0 (MR PAQUETE DE INYECCION DE QUIMICOS),Table:FFMFMEQ013.0 (MR PAQUETE DE INYECCION DE QUIMICOS)::p012::t01,DOC_CONTAINS_TABLE
Doc:FFMFMEQ013.0 (MR PAQUETE DE INYECCION DE QUIMICOS),Table:FFMFMEQ013.0 (MR PAQUETE DE INYECCION DE QUIMICOS)::p012::t02,DOC_CONTAINS_TABLE
Doc:FFMFMEQ013.0 (MR PAQUETE DE INYECCION DE QUIMICOS),Table:FFMFMEQ013.0 (MR PAQUETE DE INYECCION DE QUIMICOS)::p013::t01,DOC_CONTAINS_TABLE
Doc:FFMFMEQ013.0 (MR PAQUETE DE INYECCION DE QUIMICOS),Table:FFMFMEQ013.0 (MR PAQUETE DE INYECCION DE QUIMICOS)::p013::t02,DOC_CONTAINS_TABLE
Doc:FFMFMEQ013.0 (MR PAQUETE DE INYECCION DE QUIMICOS),Table:FFMFMEQ013.0 (MR PAQUETE DE INYECCION DE QUIMICOS)::p014::t01,DOC_CONTAINS_TABLE
Doc:FFMFMEQ013.0 (MR PAQUETE DE INYECCION DE QUIMICOS),Table:FFMFMEQ013.0 (MR PAQUETE DE INYECCION DE QUIMICOS)::p014::t02,DOC_CONTAINS_TABLE
Doc:FFMFMEQ013.0 (MR PAQUETE DE INYECCION DE QUIMICOS),Table:FFMFMEQ013.0 (MR PAQUETE DE INYECCION DE QUIMICOS)::p015::t01,DOC_CONTAINS_TABLE
Doc:FFMFMEQ013.0 (MR PAQUETE DE INYECCION DE QUIMICOS),Table:FFMFMEQ013.0 (MR PAQUETE DE INYECCION DE QUIMICOS)::p015::t02,DOC_CONTAINS_TABLE
Doc:FFMFMEQ013.0 (MR PAQUETE DE INYECCION DE QUIMICOS),Table:FFMFMEQ013.0 (MR PAQUETE DE INYECCION DE QUIMICOS)::p016::t01,DOC_CONTAINS_TABLE
Doc:FFMFMEQ013.0 (MR PAQUETE DE INYECCION DE QUIMICOS),Table:FFMFMEQ013.0 (MR PAQUETE DE INYECCION DE QUIMICOS)::p016::t02,DOC_CONTAINS_TABLE
Doc:FFMFMEQ013.0 (MR PAQUETE DE INYECCION DE QUIMICOS),Table:FFMFMEQ013.0 (MR PAQUETE DE INYECCION DE QUIMICOS)::p016::t03,DOC_CONTAINS_TABLE
Doc:FFMFMEQ013.0 (MR PAQUETE DE INYECCION DE QUIMICOS),Table:FFMFMEQ013.0 (MR PAQUETE DE INYECCION DE QUIMICOS)::p017::t01,DOC_CONTAINS_TABLE
Doc:FFMFMEQ013.0 (MR PAQUETE DE INYECCION DE QUIMICOS),Table:FFMFMEQ013.0 (MR PAQUETE DE INYECCION DE QUIMICOS)::p017::t02,DOC_CONTAINS_TABLE
Doc:FFMFMEQ013.0 (MR PAQUETE DE INYECCION DE QUIMICOS),Table:FFMFMEQ013.0 (MR PAQUETE DE INYECCION DE QUIMICOS)::p018::t01,DOC_CONTAINS_TABLE
Doc:FFMFMEQ013.0 (MR PAQUETE DE INYECCION DE QUIMICOS),Table:FFMFMEQ013.0 (MR PAQUETE DE INYECCION DE QUIMICOS)::p018::t02,DOC_CONTAINS_TABLE
Doc:FFMFMEQ013.0 (MR PAQUETE DE INYECCION DE QUIMICOS),Table:FFMFMEQ013.0 (MR PAQUETE DE INYECCION DE QUIMICOS)::p018::t03,DOC_CONTAINS_TABLE
Doc:FFMFMEQ013.0 (MR PAQUETE DE INYECCION DE QUIMICOS),Table:FFMFMEQ013.0 (MR PAQUETE DE INYECCION DE QUIMICOS)::p019::t01,DOC_CONTAINS_TABLE
Doc:FFMFMEQ013.0 (MR PAQUETE DE INYECCION DE QUIMICOS),Table:FFMFMEQ013.0 (MR PAQUETE DE INYECCION DE QUIMICOS)::p019::t02,DOC_CONTAINS_TABLE
Doc:FFMFMEQ013.0 (MR PAQUETE DE INYECCION DE QUIMICOS),Table:FFMFMEQ013.0 (MR PAQUETE DE INYECCION DE QUIMICOS)::p019::t03,DOC_CONTAINS_TABLE
Doc:FFMFMEQ013.0 (MR PAQUETE DE INYECCION DE QUIMICOS),Table:FFMFMEQ013.0 (MR PAQUETE DE INYECCION DE QUIMICOS)::p020::t01,DOC_CONTAINS_TABLE
Doc:FFMFMEQ013.0 (MR PAQUETE DE INYECCION DE QUIMICOS),Table:FFMFMEQ013.0 (MR PAQUETE DE INYECCION DE QUIMICOS)::p020::t02,DOC_CONTAINS_TABLE
Doc:FFMFMEQ013.0 (MR PAQUETE DE INYECCION DE QUIMICOS),Table:FFMFMEQ013.0 (MR PAQUETE DE INYECCION DE QUIMICOS)::p020::t03,DOC_CONTAINS_TABLE
Doc:FFMFMEQ013.0 (MR PAQUETE DE INYECCION DE QUIMICOS),Table:FFMFMEQ013.0 (MR PAQUETE DE INYECCION DE QUIMICOS)::p020::t04,DOC_CONTAINS_TABLE
Doc:FFMFMEX033.1 (HD PAQUETE DE INYECCION DE QUIMICOS),Table:FFMFMEX033.1 (HD PAQUETE DE INYECCION DE QUIMICOS)::p001::t01,DOC_CONTAINS_TABLE
Doc:FFMFMEX033.1 (HD PAQUETE DE INYECCION DE QUIMICOS),Table:FFMFMEX033.1 (HD PAQUETE DE INYECCION DE QUIMICOS)::p002::t01,DOC_CONTAINS_TABLE
Doc:FFMFMEX033.1 (HD PAQUETE DE INYECCION DE QUIMICOS),Table:FFMFMEX033.1 (HD PAQUETE DE INYECCION DE QUIMICOS)::p002::t02,DOC_CONTAINS_TABLE
Doc:FFMFMEX033.1 (HD PAQUETE DE INYECCION DE QUIMICOS),Table:FFMFMEX033.1 (HD PAQUETE DE INYECCION DE QUIMICOS)::p003::t01,DOC_CONTAINS_TABLE
Doc:FFMFMEX033.1 (HD PAQUETE DE INYECCION DE QUIMICOS),Table:FFMFMEX033.1 (HD PAQUETE DE INYECCION DE QUIMICOS)::p004::t01,DOC_CONTAINS_TABLE
Doc:FFMFSME015.1 (ET Paquete de Inyección de Químicos),Table:FFMFSME015.1 (ET Paquete de Inyección de Químicos)::p001::t01,DOC_CONTAINS_TABLE
Doc:FFMFSME015.1 (ET Paquete de Inyección de Químicos),Table:FFMFSME015.1 (ET Paquete de Inyección de Químicos)::p002::t01,DOC_CONTAINS_TABLE
Doc:FFMFSME015.1 (ET Paquete de Inyección de Químicos),Table:FFMFSME015.1 (ET Paquete de Inyección de Químicos)::p002::t02,DOC_CONTAINS_TABLE
Doc:FFMFSME015.1 (ET Paquete de Inyección de Químicos),Table:FFMFSME015.1 (ET Paquete de Inyección de Químicos)::p004::t01,DOC_CONTAINS_TABLE
Doc:FFMFSME015.1 (ET Paquete de Inyección de Químicos),Table:FFMFSME015.1 (ET Paquete de Inyección de Químicos)::p005::t01,DOC_CONTAINS_TABLE
Doc:FFMFSME015.1 (ET Paquete de Inyección de Químicos),Table:FFMFSME015.1 (ET Paquete de Inyección de Químicos)::p006::t01,DOC_CONTAINS_TABLE
Doc:FFMFSME015.1 (ET Paquete de Inyección de Químicos),Table:FFMFSME015.1 (ET Paquete de Inyección de Químicos)::p008::t01,DOC_CONTAINS_TABLE
Doc:FFMFSME015.1 (ET Paquete de Inyección de Químicos),Table:FFMFSME015.1 (ET Paquete de Inyección de Químicos)::p009::t01,DOC_CONTAINS_TABLE
Doc:FFMFSME015.1 (ET Paquete de Inyección de Químicos),Table:FFMFSME015.1 (ET Paquete de Inyección de Químicos)::p010::t01,DOC_CONTAINS_TABLE
Doc:FFMFSME015.1 (ET Paquete de Inyección de Químicos),Table:FFMFSME015.1 (ET Paquete de Inyección de Químicos)::p011::t01,DOC_CONTAINS_TABLE
Doc:FFMFSME015.1 (ET Paquete de Inyección de Químicos),Table:FFMFSME015.1 (ET Paquete de Inyección de Químicos)::p012::t01,DOC_CONTAINS_TABLE
Doc:FFMFSME015.1 (ET Paquete de Inyección de Químicos),Table:FFMFSME015.1 (ET Paquete de Inyección de Químicos)::p013::t01,DOC_CONTAINS_TABLE
Doc:FFMFSME015.1 (ET Paquete de Inyección de Químicos),Table:FFMFSME015.1 (ET Paquete de Inyección de Químicos)::p014::t01,DOC_CONTAINS_TABLE
Doc:FFMFSME015.1 (ET Paquete de Inyección de Químicos),Table:FFMFSME015.1 (ET Paquete de Inyección de Químicos)::p014::t02,DOC_CONTAINS_TABLE
Doc:FFMFSME015.1 (ET Paquete de Inyección de Químicos),Table:FFMFSME015.1 (ET Paquete de Inyección de Químicos)::p015::t01,DOC_CONTAINS_TABLE
Doc:FFMFSME015.1 (ET Paquete de Inyección de Químicos),Table:FFMFSME015.1 (ET Paquete de Inyección de Químicos)::p015::t02,DOC_CONTAINS_TABLE
Doc:FFMFSME015.1 (ET Paquete de Inyección de Químicos),Table:FFMFSME015.1 (ET Paquete de Inyección de Químicos)::p016::t01,DOC_CONTAINS_TABLE
Doc:FFMFSME015.1 (ET Paquete de Inyección de Químicos),Table:FFMFSME015.1 (ET Paquete de Inyección de Químicos)::p017::t01,DOC_CONTAINS_TABLE
Doc:FFMFSME015.1 (ET Paquete de Inyección de Químicos),Table:FFMFSME015.1 (ET Paquete de Inyección de Químicos)::p017::t02,DOC_CONTAINS_TABLE
Doc:FFMFSME015.1 (ET Paquete de Inyección de Químicos),Table:FFMFSME015.1 (ET Paquete de Inyección de Químicos)::p018::t01,DOC_CONTAINS_TABLE
Doc:FFMFSME015.1 (ET Paquete de Inyección de Químicos),Table:FFMFSME015.1 (ET Paquete de Inyección de Químicos)::p019::t01,DOC_CONTAINS_TABLE
Doc:FFMFSME015.1 (ET Paquete de Inyección de Químicos),Table:FFMFSME015.1 (ET Paquete de Inyección de Químicos)::p020::t01,DOC_CONTAINS_TABLE
Doc:FFMFSME015.1 (ET Paquete de Inyección de Químicos),Table:FFMFSME015.1 (ET Paquete de Inyección de Químicos)::p021::t01,DOC_CONTAINS_TABLE
Doc:FFMFSME015.1 (ET Paquete de Inyección de Químicos),Table:FFMFSME015.1 (ET Paquete de Inyección de Químicos)::p022::t01,DOC_CONTAINS_TABLE
Doc:FFMFSME015.1 (ET Paquete de Inyección de Químicos),Table:FFMFSME015.1 (ET Paquete de Inyección de Químicos)::p023::t01,DOC_CONTAINS_TABLE
Doc:FFMFSME015.1 (ET Paquete de Inyección de Químicos),Table:FFMFSME015.1 (ET Paquete de Inyección de Químicos)::p024::t01,DOC_CONTAINS_TABLE
Doc:FFMFSME015.1 (ET Paquete de Inyección de Químicos),Table:FFMFSME015.1 (ET Paquete de Inyección de Químicos)::p024::t02,DOC_CONTAINS_TABLE
Doc:FFMFSME015.1 (ET Paquete de Inyección de Químicos),Table:FFMFSME015.1 (ET Paquete de Inyección de Químicos)::p025::t01,DOC_CONTAINS_TABLE
Doc:FFMFSME015.1 (ET Paquete de Inyección de Químicos),Table:FFMFSME015.1 (ET Paquete de Inyección de Químicos)::p025::t02,DOC_CONTAINS_TABLE
Doc:FFMFSME015.1 (ET Paquete de Inyección de Químicos),Table:FFMFSME015.1 (ET Paquete de Inyección de Químicos)::p026::t01,DOC_CONTAINS_TABLE
Doc:FFMFSME015.1 (ET Paquete de Inyección de Químicos),Table:FFMFSME015.1 (ET Paquete de Inyección de Químicos)::p026::t02,DOC_CONTAINS_TABLE
Doc:FFMFSME015.1 (ET Paquete de Inyección de Químicos),Table:FFMFSME015.1 (ET Paquete de Inyección de Químicos)::p028::t01,DOC_CONTAINS_TABLE
Doc:FFMFSME015.1 (ET Paquete de Inyección de Químicos),Table:FFMFSME015.1 (ET Paquete de Inyección de Químicos)::p029::t01,DOC_CONTAINS_TABLE
Doc:FFMFSME015.1 (ET Paquete de Inyección de Químicos),Table:FFMFSME015.1 (ET Paquete de Inyección de Químicos)::p030::t01,DOC_CONTAINS_TABLE
Doc:FFMFSME015.1 (ET Paquete de Inyección de Químicos),Table:FFMFSME015.1 (ET Paquete de Inyección de Químicos)::p031::t01,DOC_CONTAINS_TABLE
Doc:FFMFSME015.1 (ET Paquete de Inyección de Químicos),Table:FFMFSME015.1 (ET Paquete de Inyección de Químicos)::p032::t01,DOC_CONTAINS_TABLE
Doc:FFMFSME015.1 (ET Paquete de Inyección de Químicos),Table:FFMFSME015.1 (ET Paquete de Inyección de Químicos)::p033::t01,DOC_CONTAINS_TABLE
Doc:FFMFSME015.1 (ET Paquete de Inyección de Químicos),Table:FFMFSME015.1 (ET Paquete de Inyección de Químicos)::p034::t01,DOC_CONTAINS_TABLE
Doc:FFMFSME015.1 (ET Paquete de Inyección de Químicos),Table:FFMFSME015.1 (ET Paquete de Inyección de Químicos)::p035::t01,DOC_CONTAINS_TABLE
Doc:FFMFSME015.1 (ET Paquete de Inyección de Químicos),Table:FFMFSME015.1 (ET Paquete de Inyección de Químicos)::p036::t01,DOC_CONTAINS_TABLE
Doc:FFMFSME015.1 (ET Paquete de Inyección de Químicos),Table:FFMFSME015.1 (ET Paquete de Inyección de Químicos)::p037::t01,DOC_CONTAINS_TABLE
Doc:FFMFSME015.1 (ET Paquete de Inyección de Químicos),Table:FFMFSME015.1 (ET Paquete de Inyección de Químicos)::p038::t01,DOC_CONTAINS_TABLE
Doc:FFMFSME015.1 (ET Paquete de Inyección de Químicos),Table:FFMFSME015.1 (ET Paquete de Inyección de Químicos)::p039::t01,DOC_CONTAINS_TABLE
Doc:FFMFSME015.1 (ET Paquete de Inyección de Químicos),Table:FFMFSME015.1 (ET Paquete de Inyección de Químicos)::p040::t01,DOC_CONTAINS_TABLE
Doc:FFMFSME015.1 (ET Paquete de Inyección de Químicos),Table:FFMFSME015.1 (ET Paquete de Inyección de Químicos)::p041::t01,DOC_CONTAINS_TABLE
Doc:FFMFSME015.1 (ET Paquete de Inyección de Químicos),Table:FFMFSME015.1 (ET Paquete de Inyección de Químicos)::p042::t01,DOC_CONTAINS_TABLE
Doc:FFMFSME015.1 (ET Paquete de Inyección de Químicos),Table:FFMFSME015.1 (ET Paquete de Inyección de Químicos)::p042::t02,DOC_CONTAINS_TABLE
Doc:FFMFSME015.1 (ET Paquete de Inyección de Químicos),Table:FFMFSME015.1 (ET Paquete de Inyección de Químicos)::p043::t01,DOC_CONTAINS_TABLE
Doc:FFMFSME015.1 (ET Paquete de Inyección de Químicos),Table:FFMFSME015.1 (ET Paquete de Inyección de Químicos)::p044::t01,DOC_CONTAINS_TABLE
Doc:FFMFSME015.1 (ET Paquete de Inyección de Químicos),Table:FFMFSME015.1 (ET Paquete de Inyección de Químicos)::p045::t01,DOC_CONTAINS_TABLE
Doc:FFMFSME015.1 (ET Paquete de Inyección de Químicos),Table:FFMFSME015.1 (ET Paquete de Inyección de Químicos)::p046::t01,DOC_CONTAINS_TABLE
Doc:FFMFSME015.1 (ET Paquete de Inyección de Químicos),Table:FFMFSME015.1 (ET Paquete de Inyección de Químicos)::p047::t01,DOC_CONTAINS_TABLE
Doc:FFMFSME015.1 (ET Paquete de Inyección de Químicos),Table:FFMFSME015.1 (ET Paquete de Inyección de Químicos)::p048::t01,DOC_CONTAINS_TABLE
Doc:FFMFSME015.1 (ET Paquete de Inyección de Químicos),Table:FFMFSME015.1 (ET Paquete de Inyección de Químicos)::p049::t01,DOC_CONTAINS_TABLE
Table:FFMFMEQ013.0 (MR PAQUETE DE INYECCION DE QUIMICOS)::p001::t01,Param:FORMATO REQUISICIÓN DE MATERIALES COMPRAS MAYORES Paquete de Inyección de Químicos,TABLE_HAS_PARAM
Table:FFMFMEQ013.0 (MR PAQUETE DE INYECCION DE QUIMICOS)::p001::t02,Param:MR # FFM/F-MEQ-013,TABLE_HAS_PARAM
Table:FFMFMEQ013.0 (MR PAQUETE DE INYECCION DE QUIMICOS)::p001::t02,Param:INGENIERÍA DETALLE ACONDICIONAMIENTO ESTRATEGICO CUPIAGUA,TABLE_HAS_PARAM
Table:FFMFMEQ013.0 (MR PAQUETE DE INYECCION DE QUIMICOS)::p001::t02,Param:REV 0,TABLE_HAS_PARAM
Table:FFMFMEQ013.0 (MR PAQUETE DE INYECCION DE QUIMICOS)::p001::t03,Param:SECCIÓN,TABLE_HAS_PARAM
Table:FFMFMEQ013.0 (MR PAQUETE DE INYECCION DE QUIMICOS)::p001::t03,Param:DESCRIPCIÓN,TABLE_HAS_PARAM
Table:FFMFMEQ013.0 (MR PAQUETE DE INYECCION DE QUIMICOS)::p001::t04,Param:0,TABLE_HAS_PARAM
Table:FFMFMEQ013.0 (MR PAQUETE DE INYECCION DE QUIMICOS)::p001::t04,Param:EMITIDO PARA COMPRA,TABLE_HAS_PARAM
Table:FFMFMEQ013.0 (MR PAQUETE DE INYECCION DE QUIMICOS)::p001::t04,Param:01-11-2023,TABLE_HAS_PARAM
Table:FFMFMEQ013.0 (MR PAQUETE DE INYECCION DE QUIMICOS)::p003::t01,Param:FORMATO REQUISICIÓN DE MATERIALES COMPRAS MAYORES Paquete de Inyección de Químicos,TABLE_HAS_PARAM
Table:FFMFMEQ013.0 (MR PAQUETE DE INYECCION DE QUIMICOS)::p003::t02,Param:MR # FFM/F-MEQ-013,TABLE_HAS_PARAM
Table:FFMFMEQ013.0 (MR PAQUETE DE INYECCION DE QUIMICOS)::p003::t02,Param:INGENIERÍA DETALLE ACONDICIONAMIENTO ESTRATEGICO CUPIAGUA,TABLE_HAS_PARAM
Table:FFMFMEQ013.0 (MR PAQUETE DE INYECCION DE QUIMICOS)::p003::t02,Param:REV 0,TABLE_HAS_PARAM
Table:FFMFMEQ013.0 (MR PAQUETE DE INYECCION DE QUIMICOS)::p005::t01,Param:FORMATO REQUISICIÓN DE MATERIALES COMPRAS MAYORES Paquete de Inyección de Químicos,TABLE_HAS_PARAM
Table:FFMFMEQ013.0 (MR PAQUETE DE INYECCION DE QUIMICOS)::p005::t02,Param:MR # FFM/F-MEQ-013,TABLE_HAS_PARAM
Table:FFMFMEQ013.0 (MR PAQUETE DE INYECCION DE QUIMICOS)::p005::t02,Param:INGENIERÍA DETALLE ACONDICIONAMIENTO ESTRATEGICO CUPIAGUA,TABLE_HAS_PARAM
Table:FFMFMEQ013.0 (MR PAQUETE DE INYECCION DE QUIMICOS)::p005::t02,Param:REV 0,TABLE_HAS_PARAM
Table:FFMFMEQ013.0 (MR PAQUETE DE INYECCION DE QUIMICOS)::p005::t03,Param:Ítem,TABLE_HAS_PARAM
Table:FFMFMEQ013.0 (MR PAQUETE DE INYECCION DE QUIMICOS)::p005::t03,Param:Cantidad,TABLE_HAS_PARAM
Table:FFMFMEQ013.0 (MR PAQUETE DE INYECCION DE QUIMICOS)::p005::t03,Param:Unidad,TABLE_HAS_PARAM
Table:FFMFMEQ013.0 (MR PAQUETE DE INYECCION DE QUIMICOS)::p005::t03,Param:TAG,TABLE_HAS_PARAM
Table:FFMFMEQ013.0 (MR PAQUETE DE INYECCION DE QUIMICOS)::p005::t03,Param:Descripción,TABLE_HAS_PARAM
Table:FFMFMEQ013.0 (MR PAQUETE DE INYECCION DE QUIMICOS)::p005::t03,Param:Código de Catálogo ECOPETROL,TABLE_HAS_PARAM
Table:FFMFMEQ013.0 (MR PAQUETE DE INYECCION DE QUIMICOS)::p006::t01,Param:FORMATO REQUISICIÓN DE MATERIALES COMPRAS MAYORES Paquete de Inyección de Químicos,TABLE_HAS_PARAM
Table:FFMFMEQ013.0 (MR PAQUETE DE INYECCION DE QUIMICOS)::p006::t02,Param:MR # FFM/F-MEQ-013,TABLE_HAS_PARAM
Table:FFMFMEQ013.0 (MR PAQUETE DE INYECCION DE QUIMICOS)::p006::t02,Param:INGENIERÍA DETALLE ACONDICIONAMIENTO ESTRATEGICO CUPIAGUA,TABLE_HAS_PARAM
Table:FFMFMEQ013.0 (MR PAQUETE DE INYECCION DE QUIMICOS)::p006::t02,Param:REV 0,TABLE_HAS_PARAM
Table:FFMFMEQ013.0 (MR PAQUETE DE INYECCION DE QUIMICOS)::p007::t01,Param:FORMATO REQUISICIÓN DE MATERIALES COMPRAS MAYORES Paquete de Inyección de Químicos,TABLE_HAS_PARAM
Table:FFMFMEQ013.0 (MR PAQUETE DE INYECCION DE QUIMICOS)::p007::t02,Param:MR # FFM/F-MEQ-013,TABLE_HAS_PARAM
Table:FFMFMEQ013.0 (MR PAQUETE DE INYECCION DE QUIMICOS)::p007::t02,Param:INGENIERÍA DETALLE ACONDICIONAMIENTO ESTRATEGICO CUPIAGUA,TABLE_HAS_PARAM
Table:FFMFMEQ013.0 (MR PAQUETE DE INYECCION DE QUIMICOS)::p007::t02,Param:REV 0,TABLE_HAS_PARAM
Table:FFMFMEQ013.0 (MR PAQUETE DE INYECCION DE QUIMICOS)::p007::t03,Param:DESCRIPCIÓN,TABLE_HAS_PARAM
Table:FFMFMEQ013.0 (MR PAQUETE DE INYECCION DE QUIMICOS)::p007::t03,Param:CON LA OFERTA,TABLE_HAS_PARAM
Table:FFMFMEQ013.0 (MR PAQUETE DE INYECCION DE QUIMICOS)::p007::t03,Param:PRIMERA EMISIÓN DESPUES DE LA ORDEN DE COMPRA,TABLE_HAS_PARAM
Table:FFMFMEQ013.0 (MR PAQUETE DE INYECCION DE QUIMICOS)::p007::t03,Param:EMISIÓN FINAL (5),TABLE_HAS_PARAM
Table:FFMFMEQ013.0 (MR PAQUETE DE INYECCION DE QUIMICOS)::p008::t01,Param:FORMATO REQUISICIÓN DE MATERIALES COMPRAS MAYORES Paquete de Inyección de Químicos,TABLE_HAS_PARAM
Table:FFMFMEQ013.0 (MR PAQUETE DE INYECCION DE QUIMICOS)::p008::t02,Param:MR # FFM/F-MEQ-013,TABLE_HAS_PARAM
Table:FFMFMEQ013.0 (MR PAQUETE DE INYECCION DE QUIMICOS)::p008::t02,Param:INGENIERÍA DETALLE ACONDICIONAMIENTO ESTRATEGICO CUPIAGUA,TABLE_HAS_PARAM
Table:FFMFMEQ013.0 (MR PAQUETE DE INYECCION DE QUIMICOS)::p008::t02,Param:REV 0,TABLE_HAS_PARAM
Table:FFMFMEQ013.0 (MR PAQUETE DE INYECCION DE QUIMICOS)::p008::t03,Param:DESCRIPCIÓN,TABLE_HAS_PARAM
Table:FFMFMEQ013.0 (MR PAQUETE DE INYECCION DE QUIMICOS)::p008::t03,Param:CON LA OFERTA,TABLE_HAS_PARAM
Table:FFMFMEQ013.0 (MR PAQUETE DE INYECCION DE QUIMICOS)::p008::t03,Param:PRIMERA EMISIÓN DESPUES DE LA ORDEN DE COMPRA,TABLE_HAS_PARAM
Table:FFMFMEQ013.0 (MR PAQUETE DE INYECCION DE QUIMICOS)::p008::t03,Param:EMISIÓN FINAL (5),TABLE_HAS_PARAM
Table:FFMFMEQ013.0 (MR PAQUETE DE INYECCION DE QUIMICOS)::p009::t01,Param:FORMATO REQUISICIÓN DE MATERIALES COMPRAS MAYORES Paquete de Inyección de Químicos,TABLE_HAS_PARAM
Table:FFMFMEQ013.0 (MR PAQUETE DE INYECCION DE QUIMICOS)::p009::t02,Param:MR # FFM/F-MEQ-013,TABLE_HAS_PARAM
Table:FFMFMEQ013.0 (MR PAQUETE DE INYECCION DE QUIMICOS)::p009::t02,Param:INGENIERÍA DETALLE ACONDICIONAMIENTO ESTRATEGICO CUPIAGUA,TABLE_HAS_PARAM
Table:FFMFMEQ013.0 (MR PAQUETE DE INYECCION DE QUIMICOS)::p009::t02,Param:REV 0,TABLE_HAS_PARAM
Table:FFMFMEQ013.0 (MR PAQUETE DE INYECCION DE QUIMICOS)::p009::t03,Param:DESCRIPCIÓN,TABLE_HAS_PARAM
Table:FFMFMEQ013.0 (MR PAQUETE DE INYECCION DE QUIMICOS)::p009::t03,Param:CON LA OFERTA,TABLE_HAS_PARAM
Table:FFMFMEQ013.0 (MR PAQUETE DE INYECCION DE QUIMICOS)::p009::t03,Param:PRIMERA EMISIÓN DESPUES DE LA ORDEN DE COMPRA,TABLE_HAS_PARAM
Table:FFMFMEQ013.0 (MR PAQUETE DE INYECCION DE QUIMICOS)::p009::t03,Param:EMISIÓN FINAL (5),TABLE_HAS_PARAM
Table:FFMFMEQ013.0 (MR PAQUETE DE INYECCION DE QUIMICOS)::p010::t01,Param:FORMATO REQUISICIÓN DE MATERIALES COMPRAS MAYORES Paquete de Inyección de Químicos,TABLE_HAS_PARAM
Table:FFMFMEQ013.0 (MR PAQUETE DE INYECCION DE QUIMICOS)::p010::t02,Param:MR # FFM/F-MEQ-013,TABLE_HAS_PARAM
Table:FFMFMEQ013.0 (MR PAQUETE DE INYECCION DE QUIMICOS)::p010::t02,Param:INGENIERÍA DETALLE ACONDICIONAMIENTO ESTRATEGICO CUPIAGUA,TABLE_HAS_PARAM
Table:FFMFMEQ013.0 (MR PAQUETE DE INYECCION DE QUIMICOS)::p010::t02,Param:REV 0,TABLE_HAS_PARAM
Table:FFMFMEQ013.0 (MR PAQUETE DE INYECCION DE QUIMICOS)::p010::t03,Param:DESCRIPCIÓN,TABLE_HAS_PARAM
Table:FFMFMEQ013.0 (MR PAQUETE DE INYECCION DE QUIMICOS)::p010::t03,Param:CON LA OFERTA,TABLE_HAS_PARAM
Table:FFMFMEQ013.0 (MR PAQUETE DE INYECCION DE QUIMICOS)::p010::t03,Param:PRIMERA EMISIÓN DESPUES DE LA ORDEN DE COMPRA,TABLE_HAS_PARAM
Table:FFMFMEQ013.0 (MR PAQUETE DE INYECCION DE QUIMICOS)::p010::t03,Param:EMISIÓN FINAL (5),TABLE_HAS_PARAM
Table:FFMFMEQ013.0 (MR PAQUETE DE INYECCION DE QUIMICOS)::p011::t01,Param:FORMATO REQUISICIÓN DE MATERIALES COMPRAS MAYORES Paquete de Inyección de Químicos,TABLE_HAS_PARAM
Table:FFMFMEQ013.0 (MR PAQUETE DE INYECCION DE QUIMICOS)::p011::t02,Param:MR # FFM/F-MEQ-013,TABLE_HAS_PARAM
Table:FFMFMEQ013.0 (MR PAQUETE DE INYECCION DE QUIMICOS)::p011::t02,Param:INGENIERÍA DETALLE ACONDICIONAMIENTO ESTRATEGICO CUPIAGUA,TABLE_HAS_PARAM
Table:FFMFMEQ013.0 (MR PAQUETE DE INYECCION DE QUIMICOS)::p011::t02,Param:REV 0,TABLE_HAS_PARAM
Table:FFMFMEQ013.0 (MR PAQUETE DE INYECCION DE QUIMICOS)::p011::t03,Param:Ítem,TABLE_HAS_PARAM
Table:FFMFMEQ013.0 (MR PAQUETE DE INYECCION DE QUIMICOS)::p011::t03,Param:Cantidad,TABLE_HAS_PARAM
Table:FFMFMEQ013.0 (MR PAQUETE DE INYECCION DE QUIMICOS)::p011::t03,Param:Objeto de la reunión o visita,TABLE_HAS_PARAM
Table:FFMFMEQ013.0 (MR PAQUETE DE INYECCION DE QUIMICOS)::p011::t03,Param:Sitio,TABLE_HAS_PARAM
Table:FFMFMEQ013.0 (MR PAQUETE DE INYECCION DE QUIMICOS)::p012::t01,Param:FORMATO REQUISICIÓN DE MATERIALES COMPRAS MAYORES Paquete de Inyección de Químicos,TABLE_HAS_PARAM
Table:FFMFMEQ013.0 (MR PAQUETE DE INYECCION DE QUIMICOS)::p012::t02,Param:MR # FFM/F-MEQ-013,TABLE_HAS_PARAM
Table:FFMFMEQ013.0 (MR PAQUETE DE INYECCION DE QUIMICOS)::p012::t02,Param:INGENIERÍA DETALLE ACONDICIONAMIENTO ESTRATEGICO CUPIAGUA,TABLE_HAS_PARAM
Table:FFMFMEQ013.0 (MR PAQUETE DE INYECCION DE QUIMICOS)::p012::t02,Param:REV 0,TABLE_HAS_PARAM
Table:FFMFMEQ013.0 (MR PAQUETE DE INYECCION DE QUIMICOS)::p013::t01,Param:FORMATO REQUISICIÓN DE MATERIALES COMPRAS MAYORES Paquete de Inyección de Químicos,TABLE_HAS_PARAM
Table:FFMFMEQ013.0 (MR PAQUETE DE INYECCION DE QUIMICOS)::p013::t02,Param:MR # FFM/F-MEQ-013,TABLE_HAS_PARAM
Table:FFMFMEQ013.0 (MR PAQUETE DE INYECCION DE QUIMICOS)::p013::t02,Param:INGENIERÍA DETALLE ACONDICIONAMIENTO ESTRATEGICO CUPIAGUA,TABLE_HAS_PARAM
Table:FFMFMEQ013.0 (MR PAQUETE DE INYECCION DE QUIMICOS)::p013::t02,Param:REV 0,TABLE_HAS_PARAM
Table:FFMFMEQ013.0 (MR PAQUETE DE INYECCION DE QUIMICOS)::p014::t01,Param:FORMATO REQUISICIÓN DE MATERIALES COMPRAS MAYORES Paquete de Inyección de Químicos,TABLE_HAS_PARAM
Table:FFMFMEQ013.0 (MR PAQUETE DE INYECCION DE QUIMICOS)::p014::t02,Param:MR # FFM/F-MEQ-013,TABLE_HAS_PARAM
Table:FFMFMEQ013.0 (MR PAQUETE DE INYECCION DE QUIMICOS)::p014::t02,Param:INGENIERÍA DETALLE ACONDICIONAMIENTO ESTRATEGICO CUPIAGUA,TABLE_HAS_PARAM
Table:FFMFMEQ013.0 (MR PAQUETE DE INYECCION DE QUIMICOS)::p014::t02,Param:REV 0,TABLE_HAS_PARAM
Table:FFMFMEQ013.0 (MR PAQUETE DE INYECCION DE QUIMICOS)::p015::t01,Param:FORMATO REQUISICIÓN DE MATERIALES COMPRAS MAYORES Paquete de Inyección de Químicos,TABLE_HAS_PARAM
Table:FFMFMEQ013.0 (MR PAQUETE DE INYECCION DE QUIMICOS)::p015::t02,Param:MR # FFM/F-MEQ-013,TABLE_HAS_PARAM
Table:FFMFMEQ013.0 (MR PAQUETE DE INYECCION DE QUIMICOS)::p015::t02,Param:INGENIERÍA DETALLE ACONDICIONAMIENTO ESTRATEGICO CUPIAGUA,TABLE_HAS_PARAM
Table:FFMFMEQ013.0 (MR PAQUETE DE INYECCION DE QUIMICOS)::p015::t02,Param:REV 0,TABLE_HAS_PARAM
Table:FFMFMEQ013.0 (MR PAQUETE DE INYECCION DE QUIMICOS)::p016::t01,Param:FORMATO REQUISICIÓN DE MATERIALES COMPRAS MAYORES Paquete de Inyección de Químicos,TABLE_HAS_PARAM
Table:FFMFMEQ013.0 (MR PAQUETE DE INYECCION DE QUIMICOS)::p016::t02,Param:MR # FFM/F-MEQ-013,TABLE_HAS_PARAM
Table:FFMFMEQ013.0 (MR PAQUETE DE INYECCION DE QUIMICOS)::p016::t02,Param:INGENIERÍA DETALLE ACONDICIONAMIENTO ESTRATEGICO CUPIAGUA,TABLE_HAS_PARAM
Table:FFMFMEQ013.0 (MR PAQUETE DE INYECCION DE QUIMICOS)::p016::t02,Param:REV 0,TABLE_HAS_PARAM
Table:FFMFMEQ013.0 (MR PAQUETE DE INYECCION DE QUIMICOS)::p016::t03,Param:ITEM,TABLE_HAS_PARAM
Table:FFMFMEQ013.0 (MR PAQUETE DE INYECCION DE QUIMICOS)::p016::t03,Param:CLASE,TABLE_HAS_PARAM
Table:FFMFMEQ013.0 (MR PAQUETE DE INYECCION DE QUIMICOS)::p016::t03,Param:DESCRIPCIÓN,TABLE_HAS_PARAM
Table:FFMFMEQ013.0 (MR PAQUETE DE INYECCION DE QUIMICOS)::p016::t03,Param:NIVEL INSPECCIÓN EN BODEGA,TABLE_HAS_PARAM
Table:FFMFMEQ013.0 (MR PAQUETE DE INYECCION DE QUIMICOS)::p016::t03,Param:NIVEL INSPECCIÓN EN FÁBRICA,TABLE_HAS_PARAM
Table:FFMFMEQ013.0 (MR PAQUETE DE INYECCION DE QUIMICOS)::p017::t01,Param:FORMATO REQUISICIÓN DE MATERIALES COMPRAS MAYORES Paquete de Inyección de Químicos,TABLE_HAS_PARAM
Table:FFMFMEQ013.0 (MR PAQUETE DE INYECCION DE QUIMICOS)::p017::t02,Param:MR # FFM/F-MEQ-013,TABLE_HAS_PARAM
Table:FFMFMEQ013.0 (MR PAQUETE DE INYECCION DE QUIMICOS)::p017::t02,Param:INGENIERÍA DETALLE ACONDICIONAMIENTO ESTRATEGICO CUPIAGUA,TABLE_HAS_PARAM
Table:FFMFMEQ013.0 (MR PAQUETE DE INYECCION DE QUIMICOS)::p017::t02,Param:REV 0,TABLE_HAS_PARAM
Table:FFMFMEQ013.0 (MR PAQUETE DE INYECCION DE QUIMICOS)::p018::t01,Param:FORMATO REQUISICIÓN DE MATERIALES COMPRAS MAYORES Paquete de Inyección de Químicos,TABLE_HAS_PARAM
Table:FFMFMEQ013.0 (MR PAQUETE DE INYECCION DE QUIMICOS)::p018::t02,Param:MR # FFM/F-MEQ-013,TABLE_HAS_PARAM
Table:FFMFMEQ013.0 (MR PAQUETE DE INYECCION DE QUIMICOS)::p018::t02,Param:INGENIERÍA DETALLE ACONDICIONAMIENTO ESTRATEGICO CUPIAGUA,TABLE_HAS_PARAM
Table:FFMFMEQ013.0 (MR PAQUETE DE INYECCION DE QUIMICOS)::p018::t02,Param:REV 0,TABLE_HAS_PARAM
Table:FFMFMEQ013.0 (MR PAQUETE DE INYECCION DE QUIMICOS)::p018::t03,Param:Ítem,TABLE_HAS_PARAM
Table:FFMFMEQ013.0 (MR PAQUETE DE INYECCION DE QUIMICOS)::p018::t03,Param:Cantidad,TABLE_HAS_PARAM
Table:FFMFMEQ013.0 (MR PAQUETE DE INYECCION DE QUIMICOS)::p018::t03,Param:Unidad,TABLE_HAS_PARAM
Table:FFMFMEQ013.0 (MR PAQUETE DE INYECCION DE QUIMICOS)::p018::t03,Param:TAG,TABLE_HAS_PARAM
Table:FFMFMEQ013.0 (MR PAQUETE DE INYECCION DE QUIMICOS)::p018::t03,Param:Descripción,TABLE_HAS_PARAM
Table:FFMFMEQ013.0 (MR PAQUETE DE INYECCION DE QUIMICOS)::p018::t03,Param:Código de Catálogo ECOPETROL,TABLE_HAS_PARAM
Table:FFMFMEQ013.0 (MR PAQUETE DE INYECCION DE QUIMICOS)::p019::t01,Param:FORMATO REQUISICIÓN DE MATERIALES COMPRAS MAYORES Paquete de Inyección de Químicos,TABLE_HAS_PARAM
Table:FFMFMEQ013.0 (MR PAQUETE DE INYECCION DE QUIMICOS)::p019::t02,Param:MR # FFM/F-MEQ-013,TABLE_HAS_PARAM
Table:FFMFMEQ013.0 (MR PAQUETE DE INYECCION DE QUIMICOS)::p019::t02,Param:INGENIERÍA DETALLE ACONDICIONAMIENTO ESTRATEGICO CUPIAGUA,TABLE_HAS_PARAM
Table:FFMFMEQ013.0 (MR PAQUETE DE INYECCION DE QUIMICOS)::p019::t02,Param:REV 0,TABLE_HAS_PARAM
Table:FFMFMEQ013.0 (MR PAQUETE DE INYECCION DE QUIMICOS)::p019::t03,Param:Ítem,TABLE_HAS_PARAM
Table:FFMFMEQ013.0 (MR PAQUETE DE INYECCION DE QUIMICOS)::p019::t03,Param:Cantidad,TABLE_HAS_PARAM
Table:FFMFMEQ013.0 (MR PAQUETE DE INYECCION DE QUIMICOS)::p019::t03,Param:Unidad,TABLE_HAS_PARAM
Table:FFMFMEQ013.0 (MR PAQUETE DE INYECCION DE QUIMICOS)::p019::t03,Param:TAG,TABLE_HAS_PARAM
Table:FFMFMEQ013.0 (MR PAQUETE DE INYECCION DE QUIMICOS)::p019::t03,Param:Descripción,TABLE_HAS_PARAM
Table:FFMFMEQ013.0 (MR PAQUETE DE INYECCION DE QUIMICOS)::p019::t03,Param:Código de Catálogo ECOPETROL,TABLE_HAS_PARAM
Table:FFMFMEQ013.0 (MR PAQUETE DE INYECCION DE QUIMICOS)::p020::t01,Param:FORMATO REQUISICIÓN DE MATERIALES COMPRAS MAYORES Paquete de Inyección de Químicos,TABLE_HAS_PARAM
Table:FFMFMEQ013.0 (MR PAQUETE DE INYECCION DE QUIMICOS)::p020::t02,Param:MR # FFM/F-MEQ-013,TABLE_HAS_PARAM
Table:FFMFMEQ013.0 (MR PAQUETE DE INYECCION DE QUIMICOS)::p020::t02,Param:INGENIERÍA DETALLE ACONDICIONAMIENTO ESTRATEGICO CUPIAGUA,TABLE_HAS_PARAM
Table:FFMFMEQ013.0 (MR PAQUETE DE INYECCION DE QUIMICOS)::p020::t02,Param:REV 0,TABLE_HAS_PARAM
Table:FFMFMEQ013.0 (MR PAQUETE DE INYECCION DE QUIMICOS)::p020::t03,Param:Ítem,TABLE_HAS_PARAM
Table:FFMFMEQ013.0 (MR PAQUETE DE INYECCION DE QUIMICOS)::p020::t03,Param:Código,TABLE_HAS_PARAM
Table:FFMFMEQ013.0 (MR PAQUETE DE INYECCION DE QUIMICOS)::p020::t03,Param:REV,TABLE_HAS_PARAM
Table:FFMFMEQ013.0 (MR PAQUETE DE INYECCION DE QUIMICOS)::p020::t03,Param:Nombre,TABLE_HAS_PARAM
Table:FFMFMEQ013.0 (MR PAQUETE DE INYECCION DE QUIMICOS)::p020::t04,Param:Ítem,TABLE_HAS_PARAM
Table:FFMFMEQ013.0 (MR PAQUETE DE INYECCION DE QUIMICOS)::p020::t04,Param:Código,TABLE_HAS_PARAM
Table:FFMFMEQ013.0 (MR PAQUETE DE INYECCION DE QUIMICOS)::p020::t04,Param:REV,TABLE_HAS_PARAM
Table:FFMFMEQ013.0 (MR PAQUETE DE INYECCION DE QUIMICOS)::p020::t04,Param:Nombre,TABLE_HAS_PARAM
Table:FFMFMEQ013.0 (MR PAQUETE DE INYECCION DE QUIMICOS)::p020::t04,Param:LINK,TABLE_HAS_PARAM
Table:FFMFMEX033.1 (HD PAQUETE DE INYECCION DE QUIMICOS)::p001::t01,Param:CLIENT,TABLE_HAS_PARAM
Table:FFMFMEX033.1 (HD PAQUETE DE INYECCION DE QUIMICOS)::p002::t01,Param:PROYECTO Ingeniería Detallada Proyecto Acondicionamiento Estratégico de Cupiagua CLIENTE Ecopetrol S.A. ESTACIÓN CPF CUP,TABLE_HAS_PARAM
Table:FFMFMEX033.1 (HD PAQUETE DE INYECCION DE QUIMICOS)::p002::t02,Param:480 / 120,TABLE_HAS_PARAM
Table:FFMFMEX033.1 (HD PAQUETE DE INYECCION DE QUIMICOS)::p003::t01,Param:PROYECTO Ingeniería Detallada Proyecto Acondicionamiento Estratégico de Cupiagua CLIENTE Ecopetrol S.A. ESTACIÓN CPF CUP,TABLE_HAS_PARAM
Table:FFMFMEX033.1 (HD PAQUETE DE INYECCION DE QUIMICOS)::p004::t01,Param:PROYECTO Ingeniería Detallada Proyecto Acondicionamiento Estratégico de Cupiagua CLIENTE Ecopetrol S.A. ESTACIÓN CPF CUP,TABLE_HAS_PARAM
Table:FFMFSME015.1 (ET Paquete de Inyección de Químicos)::p001::t01,Param:CLIENT,TABLE_HAS_PARAM
Table:FFMFSME015.1 (ET Paquete de Inyección de Químicos)::p002::t01,Param:PROJECT Ingeniería Detalle Acondicionamiento Estratégico Cupiagua,TABLE_HAS_PARAM
Table:FFMFSME015.1 (ET Paquete de Inyección de Químicos)::p002::t01,Param:CONTRACTOR,TABLE_HAS_PARAM
Table:FFMFSME015.1 (ET Paquete de Inyección de Químicos)::p002::t02,Param:Edición,TABLE_HAS_PARAM
Table:FFMFSME015.1 (ET Paquete de Inyección de Químicos)::p002::t02,Param:Fecha,TABLE_HAS_PARAM
Table:FFMFSME015.1 (ET Paquete de Inyección de Químicos)::p002::t02,Param:Objeto de la Edición,TABLE_HAS_PARAM
Table:FFMFSME015.1 (ET Paquete de Inyección de Químicos)::p004::t01,Param:PROJECT Ingeniería Detalle Acondicionamiento Estratégico Cupiagua,TABLE_HAS_PARAM
Table:FFMFSME015.1 (ET Paquete de Inyección de Químicos)::p004::t01,Param:CONTRACTOR,TABLE_HAS_PARAM
Table:FFMFSME015.1 (ET Paquete de Inyección de Químicos)::p005::t01,Param:PROJECT Ingeniería Detalle Acondicionamiento Estratégico Cupiagua,TABLE_HAS_PARAM
Table:FFMFSME015.1 (ET Paquete de Inyección de Químicos)::p005::t01,Param:CONTRACTOR,TABLE_HAS_PARAM
Table:FFMFSME015.1 (ET Paquete de Inyección de Químicos)::p006::t01,Param:PROJECT Ingeniería Detalle Acondicionamiento Estratégico Cupiagua,TABLE_HAS_PARAM
Table:FFMFSME015.1 (ET Paquete de Inyección de Químicos)::p006::t01,Param:CONTRACTOR,TABLE_HAS_PARAM
Table:FFMFSME015.1 (ET Paquete de Inyección de Químicos)::p008::t01,Param:PROJECT Ingeniería Detalle Acondicionamiento Estratégico Cupiagua,TABLE_HAS_PARAM
Table:FFMFSME015.1 (ET Paquete de Inyección de Químicos)::p008::t01,Param:CONTRACTOR,TABLE_HAS_PARAM
Table:FFMFSME015.1 (ET Paquete de Inyección de Químicos)::p009::t01,Param:PROJECT Ingeniería Detalle Acondicionamiento Estratégico Cupiagua,TABLE_HAS_PARAM
Table:FFMFSME015.1 (ET Paquete de Inyección de Químicos)::p009::t01,Param:CONTRACTOR,TABLE_HAS_PARAM
Table:FFMFSME015.1 (ET Paquete de Inyección de Químicos)::p010::t01,Param:PROJECT Ingeniería Detalle Acondicionamiento Estratégico Cupiagua,TABLE_HAS_PARAM
Table:FFMFSME015.1 (ET Paquete de Inyección de Químicos)::p010::t01,Param:CONTRACTOR,TABLE_HAS_PARAM
Table:FFMFSME015.1 (ET Paquete de Inyección de Químicos)::p011::t01,Param:PROJECT Ingeniería Detalle Acondicionamiento Estratégico Cupiagua,TABLE_HAS_PARAM
Table:FFMFSME015.1 (ET Paquete de Inyección de Químicos)::p011::t01,Param:CONTRACTOR,TABLE_HAS_PARAM
Table:FFMFSME015.1 (ET Paquete de Inyección de Químicos)::p012::t01,Param:PROJECT Ingeniería Detalle Acondicionamiento Estratégico Cupiagua,TABLE_HAS_PARAM
Table:FFMFSME015.1 (ET Paquete de Inyección de Químicos)::p012::t01,Param:CONTRACTOR,TABLE_HAS_PARAM
Table:FFMFSME015.1 (ET Paquete de Inyección de Químicos)::p013::t01,Param:PROJECT Ingeniería Detalle Acondicionamiento Estratégico Cupiagua,TABLE_HAS_PARAM
Table:FFMFSME015.1 (ET Paquete de Inyección de Químicos)::p013::t01,Param:CONTRACTOR,TABLE_HAS_PARAM
Table:FFMFSME015.1 (ET Paquete de Inyección de Químicos)::p014::t01,Param:PROJECT Ingeniería Detalle Acondicionamiento Estratégico Cupiagua,TABLE_HAS_PARAM
Table:FFMFSME015.1 (ET Paquete de Inyección de Químicos)::p014::t01,Param:CONTRACTOR,TABLE_HAS_PARAM
Table:FFMFSME015.1 (ET Paquete de Inyección de Químicos)::p015::t01,Param:PROJECT Ingeniería Detalle Acondicionamiento Estratégico Cupiagua,TABLE_HAS_PARAM
Table:FFMFSME015.1 (ET Paquete de Inyección de Químicos)::p015::t01,Param:CONTRACTOR,TABLE_HAS_PARAM
Table:FFMFSME015.1 (ET Paquete de Inyección de Químicos)::p016::t01,Param:PROJECT Ingeniería Detalle Acondicionamiento Estratégico Cupiagua,TABLE_HAS_PARAM
Table:FFMFSME015.1 (ET Paquete de Inyección de Químicos)::p016::t01,Param:CONTRACTOR,TABLE_HAS_PARAM
Table:FFMFSME015.1 (ET Paquete de Inyección de Químicos)::p017::t01,Param:PROJECT Ingeniería Detalle Acondicionamiento Estratégico Cupiagua,TABLE_HAS_PARAM
Table:FFMFSME015.1 (ET Paquete de Inyección de Químicos)::p017::t01,Param:CONTRACTOR,TABLE_HAS_PARAM
Table:FFMFSME015.1 (ET Paquete de Inyección de Químicos)::p018::t01,Param:PROJECT Ingeniería Detalle Acondicionamiento Estratégico Cupiagua,TABLE_HAS_PARAM
Table:FFMFSME015.1 (ET Paquete de Inyección de Químicos)::p018::t01,Param:CONTRACTOR,TABLE_HAS_PARAM
Table:FFMFSME015.1 (ET Paquete de Inyección de Químicos)::p019::t01,Param:PROJECT Ingeniería Detalle Acondicionamiento Estratégico Cupiagua,TABLE_HAS_PARAM
Table:FFMFSME015.1 (ET Paquete de Inyección de Químicos)::p019::t01,Param:CONTRACTOR,TABLE_HAS_PARAM
Table:FFMFSME015.1 (ET Paquete de Inyección de Químicos)::p020::t01,Param:PROJECT Ingeniería Detalle Acondicionamiento Estratégico Cupiagua,TABLE_HAS_PARAM
Table:FFMFSME015.1 (ET Paquete de Inyección de Químicos)::p020::t01,Param:CONTRACTOR,TABLE_HAS_PARAM
Table:FFMFSME015.1 (ET Paquete de Inyección de Químicos)::p021::t01,Param:PROJECT Ingeniería Detalle Acondicionamiento Estratégico Cupiagua,TABLE_HAS_PARAM
Table:FFMFSME015.1 (ET Paquete de Inyección de Químicos)::p021::t01,Param:CONTRACTOR,TABLE_HAS_PARAM
Table:FFMFSME015.1 (ET Paquete de Inyección de Químicos)::p022::t01,Param:PROJECT Ingeniería Detalle Acondicionamiento Estratégico Cupiagua,TABLE_HAS_PARAM
Table:FFMFSME015.1 (ET Paquete de Inyección de Químicos)::p022::t01,Param:CONTRACTOR,TABLE_HAS_PARAM
Table:FFMFSME015.1 (ET Paquete de Inyección de Químicos)::p023::t01,Param:PROJECT Ingeniería Detalle Acondicionamiento Estratégico Cupiagua,TABLE_HAS_PARAM
Table:FFMFSME015.1 (ET Paquete de Inyección de Químicos)::p023::t01,Param:CONTRACTOR,TABLE_HAS_PARAM
Table:FFMFSME015.1 (ET Paquete de Inyección de Químicos)::p024::t01,Param:PROJECT Ingeniería Detalle Acondicionamiento Estratégico Cupiagua,TABLE_HAS_PARAM
Table:FFMFSME015.1 (ET Paquete de Inyección de Químicos)::p024::t01,Param:CONTRACTOR,TABLE_HAS_PARAM
Table:FFMFSME015.1 (ET Paquete de Inyección de Químicos)::p025::t01,Param:PROJECT Ingeniería Detalle Acondicionamiento Estratégico Cupiagua,TABLE_HAS_PARAM
Table:FFMFSME015.1 (ET Paquete de Inyección de Químicos)::p025::t01,Param:CONTRACTOR,TABLE_HAS_PARAM
Table:FFMFSME015.1 (ET Paquete de Inyección de Químicos)::p026::t01,Param:PROJECT Ingeniería Detalle Acondicionamiento Estratégico Cupiagua,TABLE_HAS_PARAM
Table:FFMFSME015.1 (ET Paquete de Inyección de Químicos)::p026::t01,Param:CONTRACTOR,TABLE_HAS_PARAM
Table:FFMFSME015.1 (ET Paquete de Inyección de Químicos)::p028::t01,Param:PROJECT Ingeniería Detalle Acondicionamiento Estratégico Cupiagua,TABLE_HAS_PARAM
Table:FFMFSME015.1 (ET Paquete de Inyección de Químicos)::p028::t01,Param:CONTRACTOR,TABLE_HAS_PARAM
Table:FFMFSME015.1 (ET Paquete de Inyección de Químicos)::p029::t01,Param:PROJECT Ingeniería Detalle Acondicionamiento Estratégico Cupiagua,TABLE_HAS_PARAM
Table:FFMFSME015.1 (ET Paquete de Inyección de Químicos)::p029::t01,Param:CONTRACTOR,TABLE_HAS_PARAM
Table:FFMFSME015.1 (ET Paquete de Inyección de Químicos)::p030::t01,Param:PROJECT Ingeniería Detalle Acondicionamiento Estratégico Cupiagua,TABLE_HAS_PARAM
Table:FFMFSME015.1 (ET Paquete de Inyección de Químicos)::p030::t01,Param:CONTRACTOR,TABLE_HAS_PARAM
Table:FFMFSME015.1 (ET Paquete de Inyección de Químicos)::p031::t01,Param:PROJECT Ingeniería Detalle Acondicionamiento Estratégico Cupiagua,TABLE_HAS_PARAM
Table:FFMFSME015.1 (ET Paquete de Inyección de Químicos)::p031::t01,Param:CONTRACTOR,TABLE_HAS_PARAM
Table:FFMFSME015.1 (ET Paquete de Inyección de Químicos)::p032::t01,Param:PROJECT Ingeniería Detalle Acondicionamiento Estratégico Cupiagua,TABLE_HAS_PARAM
Table:FFMFSME015.1 (ET Paquete de Inyección de Químicos)::p032::t01,Param:CONTRACTOR,TABLE_HAS_PARAM
Table:FFMFSME015.1 (ET Paquete de Inyección de Químicos)::p033::t01,Param:PROJECT Ingeniería Detalle Acondicionamiento Estratégico Cupiagua,TABLE_HAS_PARAM
Table:FFMFSME015.1 (ET Paquete de Inyección de Químicos)::p033::t01,Param:CONTRACTOR,TABLE_HAS_PARAM
Table:FFMFSME015.1 (ET Paquete de Inyección de Químicos)::p034::t01,Param:PROJECT Ingeniería Detalle Acondicionamiento Estratégico Cupiagua,TABLE_HAS_PARAM
Table:FFMFSME015.1 (ET Paquete de Inyección de Químicos)::p034::t01,Param:CONTRACTOR,TABLE_HAS_PARAM
Table:FFMFSME015.1 (ET Paquete de Inyección de Químicos)::p035::t01,Param:PROJECT Ingeniería Detalle Acondicionamiento Estratégico Cupiagua,TABLE_HAS_PARAM
Table:FFMFSME015.1 (ET Paquete de Inyección de Químicos)::p035::t01,Param:CONTRACTOR,TABLE_HAS_PARAM
Table:FFMFSME015.1 (ET Paquete de Inyección de Químicos)::p036::t01,Param:PROJECT Ingeniería Detalle Acondicionamiento Estratégico Cupiagua,TABLE_HAS_PARAM
Table:FFMFSME015.1 (ET Paquete de Inyección de Químicos)::p036::t01,Param:CONTRACTOR,TABLE_HAS_PARAM
Table:FFMFSME015.1 (ET Paquete de Inyección de Químicos)::p037::t01,Param:PROJECT Ingeniería Detalle Acondicionamiento Estratégico Cupiagua,TABLE_HAS_PARAM
Table:FFMFSME015.1 (ET Paquete de Inyección de Químicos)::p037::t01,Param:CONTRACTOR,TABLE_HAS_PARAM
Table:FFMFSME015.1 (ET Paquete de Inyección de Químicos)::p038::t01,Param:PROJECT Ingeniería Detalle Acondicionamiento Estratégico Cupiagua,TABLE_HAS_PARAM
Table:FFMFSME015.1 (ET Paquete de Inyección de Químicos)::p038::t01,Param:CONTRACTOR,TABLE_HAS_PARAM
Table:FFMFSME015.1 (ET Paquete de Inyección de Químicos)::p039::t01,Param:PROJECT Ingeniería Detalle Acondicionamiento Estratégico Cupiagua,TABLE_HAS_PARAM
Table:FFMFSME015.1 (ET Paquete de Inyección de Químicos)::p039::t01,Param:CONTRACTOR,TABLE_HAS_PARAM
Table:FFMFSME015.1 (ET Paquete de Inyección de Químicos)::p040::t01,Param:PROJECT Ingeniería Detalle Acondicionamiento Estratégico Cupiagua,TABLE_HAS_PARAM
Table:FFMFSME015.1 (ET Paquete de Inyección de Químicos)::p040::t01,Param:CONTRACTOR,TABLE_HAS_PARAM
Table:FFMFSME015.1 (ET Paquete de Inyección de Químicos)::p041::t01,Param:PROJECT Ingeniería Detalle Acondicionamiento Estratégico Cupiagua,TABLE_HAS_PARAM
Table:FFMFSME015.1 (ET Paquete de Inyección de Químicos)::p041::t01,Param:CONTRACTOR,TABLE_HAS_PARAM
Table:FFMFSME015.1 (ET Paquete de Inyección de Químicos)::p042::t01,Param:PROJECT Ingeniería Detalle Acondicionamiento Estratégico Cupiagua,TABLE_HAS_PARAM
Table:FFMFSME015.1 (ET Paquete de Inyección de Químicos)::p042::t01,Param:CONTRACTOR,TABLE_HAS_PARAM
Table:FFMFSME015.1 (ET Paquete de Inyección de Químicos)::p043::t01,Param:PROJECT Ingeniería Detalle Acondicionamiento Estratégico Cupiagua,TABLE_HAS_PARAM
Table:FFMFSME015.1 (ET Paquete de Inyección de Químicos)::p043::t01,Param:CONTRACTOR,TABLE_HAS_PARAM
Table:FFMFSME015.1 (ET Paquete de Inyección de Químicos)::p044::t01,Param:PROJECT Ingeniería Detalle Acondicionamiento Estratégico Cupiagua,TABLE_HAS_PARAM
Table:FFMFSME015.1 (ET Paquete de Inyección de Químicos)::p044::t01,Param:CONTRACTOR,TABLE_HAS_PARAM
Table:FFMFSME015.1 (ET Paquete de Inyección de Químicos)::p045::t01,Param:PROJECT Ingeniería Detalle Acondicionamiento Estratégico Cupiagua,TABLE_HAS_PARAM
Table:FFMFSME015.1 (ET Paquete de Inyección de Químicos)::p045::t01,Param:CONTRACTOR,TABLE_HAS_PARAM
Table:FFMFSME015.1 (ET Paquete de Inyección de Químicos)::p046::t01,Param:PROJECT Ingeniería Detalle Acondicionamiento Estratégico Cupiagua,TABLE_HAS_PARAM
Table:FFMFSME015.1 (ET Paquete de Inyección de Químicos)::p046::t01,Param:CONTRACTOR,TABLE_HAS_PARAM
Table:FFMFSME015.1 (ET Paquete de Inyección de Químicos)::p047::t01,Param:PROJECT Ingeniería Detalle Acondicionamiento Estratégico Cupiagua,TABLE_HAS_PARAM
Table:FFMFSME015.1 (ET Paquete de Inyección de Químicos)::p047::t01,Param:CONTRACTOR,TABLE_HAS_PARAM
Table:FFMFSME015.1 (ET Paquete de Inyección de Químicos)::p048::t01,Param:PROJECT Ingeniería Detalle Acondicionamiento Estratégico Cupiagua,TABLE_HAS_PARAM
Table:FFMFSME015.1 (ET Paquete de Inyección de Químicos)::p048::t01,Param:CONTRACTOR,TABLE_HAS_PARAM
Table:FFMFSME015.1 (ET Paquete de Inyección de Químicos)::p049::t01,Param:PROJECT Ingeniería Detalle Acondicionamiento Estratégico Cupiagua,TABLE_HAS_PARAM
Table:FFMFSME015.1 (ET Paquete de Inyección de Químicos)::p049::t01,Param:CONTRACTOR,TABLE_HAS_PARAM
Section:FFMFMEQ013.0 (MR PAQUETE DE INYECCION DE QUIMICOS)_3_10.3,Table:FFMFMEQ013.0 (MR PAQUETE DE INYECCION DE QUIMICOS)::p003::t01,SECTION_NEAR_TABLE
Section:FFMFMEQ013.0 (MR PAQUETE DE INYECCION DE QUIMICOS)_3_10.3,Table:FFMFMEQ013.0 (MR PAQUETE DE INYECCION DE QUIMICOS)::p003::t02,SECTION_NEAR_TABLE
Section:FFMFMEQ013.0 (MR PAQUETE DE INYECCION DE QUIMICOS)_5_2.1,Table:FFMFMEQ013.0 (MR PAQUETE DE INYECCION DE QUIMICOS)::p005::t01,SECTION_NEAR_TABLE
Section:FFMFMEQ013.0 (MR PAQUETE DE INYECCION DE QUIMICOS)_5_2.1,Table:FFMFMEQ013.0 (MR PAQUETE DE INYECCION DE QUIMICOS)::p005::t02,SECTION_NEAR_TABLE
Section:FFMFMEQ013.0 (MR PAQUETE DE INYECCION DE QUIMICOS)_5_2.1,Table:FFMFMEQ013.0 (MR PAQUETE DE INYECCION DE QUIMICOS)::p005::t03,SECTION_NEAR_TABLE
Section:FFMFMEQ013.0 (MR PAQUETE DE INYECCION DE QUIMICOS)_6_4.2,Table:FFMFMEQ013.0 (MR PAQUETE DE INYECCION DE QUIMICOS)::p006::t01,SECTION_NEAR_TABLE
Section:FFMFMEQ013.0 (MR PAQUETE DE INYECCION DE QUIMICOS)_6_4.2,Table:FFMFMEQ013.0 (MR PAQUETE DE INYECCION DE QUIMICOS)::p006::t02,SECTION_NEAR_TABLE
Section:FFMFMEQ013.0 (MR PAQUETE DE INYECCION DE QUIMICOS)_7_4.4,Table:FFMFMEQ013.0 (MR PAQUETE DE INYECCION DE QUIMICOS)::p007::t01,SECTION_NEAR_TABLE
Section:FFMFMEQ013.0 (MR PAQUETE DE INYECCION DE QUIMICOS)_7_4.4,Table:FFMFMEQ013.0 (MR PAQUETE DE INYECCION DE QUIMICOS)::p007::t02,SECTION_NEAR_TABLE
Section:FFMFMEQ013.0 (MR PAQUETE DE INYECCION DE QUIMICOS)_7_4.4,Table:FFMFMEQ013.0 (MR PAQUETE DE INYECCION DE QUIMICOS)::p007::t03,SECTION_NEAR_TABLE
Section:FFMFMEQ013.0 (MR PAQUETE DE INYECCION DE QUIMICOS)_10_4.5,Table:FFMFMEQ013.0 (MR PAQUETE DE INYECCION DE QUIMICOS)::p010::t01,SECTION_NEAR_TABLE
Section:FFMFMEQ013.0 (MR PAQUETE DE INYECCION DE QUIMICOS)_10_4.5,Table:FFMFMEQ013.0 (MR PAQUETE DE INYECCION DE QUIMICOS)::p010::t02,SECTION_NEAR_TABLE
Section:FFMFMEQ013.0 (MR PAQUETE DE INYECCION DE QUIMICOS)_10_4.5,Table:FFMFMEQ013.0 (MR PAQUETE DE INYECCION DE QUIMICOS)::p010::t03,SECTION_NEAR_TABLE
Section:FFMFMEQ013.0 (MR PAQUETE DE INYECCION DE QUIMICOS)_11_4.9,Table:FFMFMEQ013.0 (MR PAQUETE DE INYECCION DE QUIMICOS)::p011::t01,SECTION_NEAR_TABLE
Section:FFMFMEQ013.0 (MR PAQUETE DE INYECCION DE QUIMICOS)_11_4.9,Table:FFMFMEQ013.0 (MR PAQUETE DE INYECCION DE QUIMICOS)::p011::t02,SECTION_NEAR_TABLE
Section:FFMFMEQ013.0 (MR PAQUETE DE INYECCION DE QUIMICOS)_11_4.9,Table:FFMFMEQ013.0 (MR PAQUETE DE INYECCION DE QUIMICOS)::p011::t03,SECTION_NEAR_TABLE
Section:FFMFMEQ013.0 (MR PAQUETE DE INYECCION DE QUIMICOS)_12_4.12,Table:FFMFMEQ013.0 (MR PAQUETE DE INYECCION DE QUIMICOS)::p012::t01,SECTION_NEAR_TABLE
Section:FFMFMEQ013.0 (MR PAQUETE DE INYECCION DE QUIMICOS)_12_4.12,Table:FFMFMEQ013.0 (MR PAQUETE DE INYECCION DE QUIMICOS)::p012::t02,SECTION_NEAR_TABLE
Section:FFMFMEQ013.0 (MR PAQUETE DE INYECCION DE QUIMICOS)_13_5.2,Table:FFMFMEQ013.0 (MR PAQUETE DE INYECCION DE QUIMICOS)::p013::t01,SECTION_NEAR_TABLE
Section:FFMFMEQ013.0 (MR PAQUETE DE INYECCION DE QUIMICOS)_13_5.2,Table:FFMFMEQ013.0 (MR PAQUETE DE INYECCION DE QUIMICOS)::p013::t02,SECTION_NEAR_TABLE
Section:FFMFMEQ013.0 (MR PAQUETE DE INYECCION DE QUIMICOS)_14_5.7,Table:FFMFMEQ013.0 (MR PAQUETE DE INYECCION DE QUIMICOS)::p014::t01,SECTION_NEAR_TABLE
Section:FFMFMEQ013.0 (MR PAQUETE DE INYECCION DE QUIMICOS)_14_5.7,Table:FFMFMEQ013.0 (MR PAQUETE DE INYECCION DE QUIMICOS)::p014::t02,SECTION_NEAR_TABLE
Section:FFMFMEQ013.0 (MR PAQUETE DE INYECCION DE QUIMICOS)_15_7.1,Table:FFMFMEQ013.0 (MR PAQUETE DE INYECCION DE QUIMICOS)::p015::t01,SECTION_NEAR_TABLE
Section:FFMFMEQ013.0 (MR PAQUETE DE INYECCION DE QUIMICOS)_15_7.1,Table:FFMFMEQ013.0 (MR PAQUETE DE INYECCION DE QUIMICOS)::p015::t02,SECTION_NEAR_TABLE
Section:FFMFMEQ013.0 (MR PAQUETE DE INYECCION DE QUIMICOS)_16_7.3,Table:FFMFMEQ013.0 (MR PAQUETE DE INYECCION DE QUIMICOS)::p016::t01,SECTION_NEAR_TABLE
Section:FFMFMEQ013.0 (MR PAQUETE DE INYECCION DE QUIMICOS)_16_7.3,Table:FFMFMEQ013.0 (MR PAQUETE DE INYECCION DE QUIMICOS)::p016::t02,SECTION_NEAR_TABLE
Section:FFMFMEQ013.0 (MR PAQUETE DE INYECCION DE QUIMICOS)_16_7.3,Table:FFMFMEQ013.0 (MR PAQUETE DE INYECCION DE QUIMICOS)::p016::t03,SECTION_NEAR_TABLE
Section:FFMFMEQ013.0 (MR PAQUETE DE INYECCION DE QUIMICOS)_18_1.1,Table:FFMFMEQ013.0 (MR PAQUETE DE INYECCION DE QUIMICOS)::p018::t01,SECTION_NEAR_TABLE
Section:FFMFMEQ013.0 (MR PAQUETE DE INYECCION DE QUIMICOS)_18_1.1,Table:FFMFMEQ013.0 (MR PAQUETE DE INYECCION DE QUIMICOS)::p018::t02,SECTION_NEAR_TABLE
Section:FFMFMEQ013.0 (MR PAQUETE DE INYECCION DE QUIMICOS)_18_1.1,Table:FFMFMEQ013.0 (MR PAQUETE DE INYECCION DE QUIMICOS)::p018::t03,SECTION_NEAR_TABLE
Section:FFMFMEQ013.0 (MR PAQUETE DE INYECCION DE QUIMICOS)_19_10.2,Table:FFMFMEQ013.0 (MR PAQUETE DE INYECCION DE QUIMICOS)::p019::t01,SECTION_NEAR_TABLE
Section:FFMFMEQ013.0 (MR PAQUETE DE INYECCION DE QUIMICOS)_19_10.2,Table:FFMFMEQ013.0 (MR PAQUETE DE INYECCION DE QUIMICOS)::p019::t02,SECTION_NEAR_TABLE
Section:FFMFMEQ013.0 (MR PAQUETE DE INYECCION DE QUIMICOS)_19_10.2,Table:FFMFMEQ013.0 (MR PAQUETE DE INYECCION DE QUIMICOS)::p019::t03,SECTION_NEAR_TABLE
Section:FFMFMEQ013.0 (MR PAQUETE DE INYECCION DE QUIMICOS)_20_10.3,Table:FFMFMEQ013.0 (MR PAQUETE DE INYECCION DE QUIMICOS)::p020::t01,SECTION_NEAR_TABLE
Section:FFMFMEQ013.0 (MR PAQUETE DE INYECCION DE QUIMICOS)_20_10.3,Table:FFMFMEQ013.0 (MR PAQUETE DE INYECCION DE QUIMICOS)::p020::t02,SECTION_NEAR_TABLE
Section:FFMFMEQ013.0 (MR PAQUETE DE INYECCION DE QUIMICOS)_20_10.3,Table:FFMFMEQ013.0 (MR PAQUETE DE INYECCION DE QUIMICOS)::p020::t03,SECTION_NEAR_TABLE
Section:FFMFMEQ013.0 (MR PAQUETE DE INYECCION DE QUIMICOS)_20_10.3,Table:FFMFMEQ013.0 (MR PAQUETE DE INYECCION DE QUIMICOS)::p020::t04,SECTION_NEAR_TABLE
Section:FFMFSME015.1 (ET Paquete de Inyección de Químicos)_4_11.2,Table:FFMFSME015.1 (ET Paquete de Inyección de Químicos)::p004::t01,SECTION_NEAR_TABLE
Section:FFMFSME015.1 (ET Paquete de Inyección de Químicos)_5_12.4,Table:FFMFSME015.1 (ET Paquete de Inyección de Químicos)::p005::t01,SECTION_NEAR_TABLE
Section:FFMFSME015.1 (ET Paquete de Inyección de Químicos)_8_2.2,Table:FFMFSME015.1 (ET Paquete de Inyección de Químicos)::p008::t01,SECTION_NEAR_TABLE
Section:FFMFSME015.1 (ET Paquete de Inyección de Químicos)_10_3.1.2,Table:FFMFSME015.1 (ET Paquete de Inyección de Químicos)::p010::t01,SECTION_NEAR_TABLE
Section:FFMFSME015.1 (ET Paquete de Inyección de Químicos)_11_3.1.4,Table:FFMFSME015.1 (ET Paquete de Inyección de Químicos)::p011::t01,SECTION_NEAR_TABLE
Section:FFMFSME015.1 (ET Paquete de Inyección de Químicos)_12_3.1.10,Table:FFMFSME015.1 (ET Paquete de Inyección de Químicos)::p012::t01,SECTION_NEAR_TABLE
Section:FFMFSME015.1 (ET Paquete de Inyección de Químicos)_13_3.2,Table:FFMFSME015.1 (ET Paquete de Inyección de Químicos)::p013::t01,SECTION_NEAR_TABLE
Section:FFMFSME015.1 (ET Paquete de Inyección de Químicos)_14_4.2,Table:FFMFSME015.1 (ET Paquete de Inyección de Químicos)::p014::t01,SECTION_NEAR_TABLE
Section:FFMFSME015.1 (ET Paquete de Inyección de Químicos)_14_4.2,Table:FFMFSME015.1 (ET Paquete de Inyección de Químicos)::p014::t02,SECTION_NEAR_TABLE
Section:FFMFSME015.1 (ET Paquete de Inyección de Químicos)_16_5.6,Table:FFMFSME015.1 (ET Paquete de Inyección de Químicos)::p016::t01,SECTION_NEAR_TABLE
Section:FFMFSME015.1 (ET Paquete de Inyección de Químicos)_17_5.7,Table:FFMFSME015.1 (ET Paquete de Inyección de Químicos)::p017::t01,SECTION_NEAR_TABLE
Section:FFMFSME015.1 (ET Paquete de Inyección de Químicos)_17_5.7,Table:FFMFSME015.1 (ET Paquete de Inyección de Químicos)::p017::t02,SECTION_NEAR_TABLE
Section:FFMFSME015.1 (ET Paquete de Inyección de Químicos)_18_6.2,Table:FFMFSME015.1 (ET Paquete de Inyección de Químicos)::p018::t01,SECTION_NEAR_TABLE
Section:FFMFSME015.1 (ET Paquete de Inyección de Químicos)_19_6.3,Table:FFMFSME015.1 (ET Paquete de Inyección de Químicos)::p019::t01,SECTION_NEAR_TABLE
Section:FFMFSME015.1 (ET Paquete de Inyección de Químicos)_20_6.4.3,Table:FFMFSME015.1 (ET Paquete de Inyección de Químicos)::p020::t01,SECTION_NEAR_TABLE
Section:FFMFSME015.1 (ET Paquete de Inyección de Químicos)_21_6.4.4,Table:FFMFSME015.1 (ET Paquete de Inyección de Químicos)::p021::t01,SECTION_NEAR_TABLE
Section:FFMFSME015.1 (ET Paquete de Inyección de Químicos)_22_7.1,Table:FFMFSME015.1 (ET Paquete de Inyección de Químicos)::p022::t01,SECTION_NEAR_TABLE
Section:FFMFSME015.1 (ET Paquete de Inyección de Químicos)_23_7.2,Table:FFMFSME015.1 (ET Paquete de Inyección de Químicos)::p023::t01,SECTION_NEAR_TABLE
Section:FFMFSME015.1 (ET Paquete de Inyección de Químicos)_24_7.2.1,Table:FFMFSME015.1 (ET Paquete de Inyección de Químicos)::p024::t01,SECTION_NEAR_TABLE
Section:FFMFSME015.1 (ET Paquete de Inyección de Químicos)_24_7.2.1,Table:FFMFSME015.1 (ET Paquete de Inyección de Químicos)::p024::t02,SECTION_NEAR_TABLE
Section:FFMFSME015.1 (ET Paquete de Inyección de Químicos)_25_7.3.1,Table:FFMFSME015.1 (ET Paquete de Inyección de Químicos)::p025::t01,SECTION_NEAR_TABLE
Section:FFMFSME015.1 (ET Paquete de Inyección de Químicos)_25_7.3.1,Table:FFMFSME015.1 (ET Paquete de Inyección de Químicos)::p025::t02,SECTION_NEAR_TABLE
Section:FFMFSME015.1 (ET Paquete de Inyección de Químicos)_26_7.3.3,Table:FFMFSME015.1 (ET Paquete de Inyección de Químicos)::p026::t01,SECTION_NEAR_TABLE
Section:FFMFSME015.1 (ET Paquete de Inyección de Químicos)_26_7.3.3,Table:FFMFSME015.1 (ET Paquete de Inyección de Químicos)::p026::t02,SECTION_NEAR_TABLE
Section:FFMFSME015.1 (ET Paquete de Inyección de Químicos)_28_7.6,Table:FFMFSME015.1 (ET Paquete de Inyección de Químicos)::p028::t01,SECTION_NEAR_TABLE
Section:FFMFSME015.1 (ET Paquete de Inyección de Químicos)_29_7.6.2,Table:FFMFSME015.1 (ET Paquete de Inyección de Químicos)::p029::t01,SECTION_NEAR_TABLE
Section:FFMFSME015.1 (ET Paquete de Inyección de Químicos)_30_7.6.6,Table:FFMFSME015.1 (ET Paquete de Inyección de Químicos)::p030::t01,SECTION_NEAR_TABLE
Section:FFMFSME015.1 (ET Paquete de Inyección de Químicos)_31_7.7,Table:FFMFSME015.1 (ET Paquete de Inyección de Químicos)::p031::t01,SECTION_NEAR_TABLE
Section:FFMFSME015.1 (ET Paquete de Inyección de Químicos)_33_7.7.1,Table:FFMFSME015.1 (ET Paquete de Inyección de Químicos)::p033::t01,SECTION_NEAR_TABLE
Section:FFMFSME015.1 (ET Paquete de Inyección de Químicos)_34_7.7.3,Table:FFMFSME015.1 (ET Paquete de Inyección de Químicos)::p034::t01,SECTION_NEAR_TABLE
Section:FFMFSME015.1 (ET Paquete de Inyección de Químicos)_35_7.8,Table:FFMFSME015.1 (ET Paquete de Inyección de Químicos)::p035::t01,SECTION_NEAR_TABLE
Section:FFMFSME015.1 (ET Paquete de Inyección de Químicos)_36_7.10,Table:FFMFSME015.1 (ET Paquete de Inyección de Químicos)::p036::t01,SECTION_NEAR_TABLE
Section:FFMFSME015.1 (ET Paquete de Inyección de Químicos)_38_8.2,Table:FFMFSME015.1 (ET Paquete de Inyección de Químicos)::p038::t01,SECTION_NEAR_TABLE
Section:FFMFSME015.1 (ET Paquete de Inyección de Químicos)_39_8.3.2,Table:FFMFSME015.1 (ET Paquete de Inyección de Químicos)::p039::t01,SECTION_NEAR_TABLE
Section:FFMFSME015.1 (ET Paquete de Inyección de Químicos)_41_10.1,Table:FFMFSME015.1 (ET Paquete de Inyección de Químicos)::p041::t01,SECTION_NEAR_TABLE
Section:FFMFSME015.1 (ET Paquete de Inyección de Químicos)_42_11.1,Table:FFMFSME015.1 (ET Paquete de Inyección de Químicos)::p042::t01,SECTION_NEAR_TABLE
Section:FFMFSME015.1 (ET Paquete de Inyección de Químicos)_42_11.1,Table:FFMFSME015.1 (ET Paquete de Inyección de Químicos)::p042::t02,SECTION_NEAR_TABLE
Section:FFMFSME015.1 (ET Paquete de Inyección de Químicos)_43_11.2,Table:FFMFSME015.1 (ET Paquete de Inyección de Químicos)::p043::t01,SECTION_NEAR_TABLE
Section:FFMFSME015.1 (ET Paquete de Inyección de Químicos)_44_12.1,Table:FFMFSME015.1 (ET Paquete de Inyección de Químicos)::p044::t01,SECTION_NEAR_TABLE
Section:FFMFSME015.1 (ET Paquete de Inyección de Químicos)_46_12.4,Table:FFMFSME015.1 (ET Paquete de Inyección de Químicos)::p046::t01,SECTION_NEAR_TABLE
Doc:FFMFMEQ013.0 (MR PAQUETE DE INYECCION DE QUIMICOS),PidRef:FFMFMEQ013.0 (MR PAQUETE DE INYECCION DE QUIMICOS)_8_FFM/F-MEQ-013,DOC_HAS_PID_PAGE
Doc:FFMFMEQ013.0 (MR PAQUETE DE INYECCION DE QUIMICOS),PidRef:FFMFMEQ013.0 (MR PAQUETE DE INYECCION DE QUIMICOS)_14_FFM/F-MEQ-013,DOC_HAS_PID_PAGE
Doc:FFMFMEQ013.0 (MR PAQUETE DE INYECCION DE QUIMICOS),PidRef:FFMFMEQ013.0 (MR PAQUETE DE INYECCION DE QUIMICOS)_20_FFM/F-MEQ-013,DOC_HAS_PID_PAGE
Doc:FFMFMEX033.1 (HD PAQUETE DE INYECCION DE QUIMICOS),PidRef:FFMFMEX033.1 (HD PAQUETE DE INYECCION DE QUIMICOS)_4_FFM/F-S-ME-015,DOC_HAS_PID_PAGE
Doc:FFMFSME015.1 (ET Paquete de Inyección de Químicos),PidRef:FFMFSME015.1 (ET Paquete de Inyección de Químicos)_6_FFM/F-S-ME-015,DOC_HAS_PID_PAGE
Doc:FFMFSME015.1 (ET Paquete de Inyección de Químicos),PidRef:FFMFSME015.1 (ET Paquete de Inyección de Químicos)_13_FFM/F-S-ME-015,DOC_HAS_PID_PAGE
Doc:FFMFSME015.1 (ET Paquete de Inyección de Químicos),PidRef:FFMFSME015.1 (ET Paquete de Inyección de Químicos)_19_FFM/F-S-ME-015,DOC_HAS_PID_PAGE
Doc:FFMFSME015.1 (ET Paquete de Inyección de Químicos),PidRef:FFMFSME015.1 (ET Paquete de Inyección de Químicos)_20_FFM/F-S-ME-015,DOC_HAS_PID_PAGE
Doc:FFMFSME015.1 (ET Paquete de Inyección de Químicos),PidRef:FFMFSME015.1 (ET Paquete de Inyección de Químicos)_23_FFM/F-S-ME-015,DOC_HAS_PID_PAGE
Doc:FFMFSME015.1 (ET Paquete de Inyección de Químicos),PidRef:FFMFSME015.1 (ET Paquete de Inyección de Químicos)_24_FFM/F-S-ME-015,DOC_HAS_PID_PAGE
Doc:FFMFSME015.1 (ET Paquete de Inyección de Químicos),PidRef:FFMFSME015.1 (ET Paquete de Inyección de Químicos)_45_FFM/F-S-ME-015,DOC_HAS_PID_PAGE
Doc:FFMFSME015.1 (ET Paquete de Inyección de Químicos),PidRef:FFMFSME015.1 (ET Paquete de Inyección de Químicos)_46_FFM/F-S-ME-015,DOC_HAS_PID_PAGE
